COMPANY_ID,RAW_MARGIN,CALIBRATED_PROBABILITY
ESIK-05585,6.792376518249512,0.9919508956194376
ESIK-05594,6.784971714019775,0.9919042381342276
ESIK-05817,6.456610202789307,0.9895422096351881
ESIK-05810,6.246658802032471,0.9876866636975073
ESIK-05546,6.24359655380249,0.9876573230078177
ESIK-05740,6.0454325675964355,0.9856044480178843
ESIK-05709,5.774575233459473,0.9822453863388761
ESIK-05567,5.427009582519531,0.976790107464342
ESIK-05673,5.407565116882324,0.9764406725105949
ESIK-05691,5.268767356872559,0.973792968453774
ESIK-05495,5.2391743659973145,0.9731920766162804
ESIK-05758,5.186696529388428,0.9720934006208115
ESIK-05797,5.181414604187012,0.9719804251720572
ESIK-05470,5.168703556060791,0.9717067241280544
ESIK-05839,5.073206424713135,0.969565827696893
ESIK-05733,4.8711676597595215,0.9645074991232887
ESIK-05765,4.790170669555664,0.9622598100190716
ESIK-02536,4.484742641448975,0.9524934140443804
ESIK-05556,4.450699329376221,0.9512664199727943
ESIK-05686,4.421131610870361,0.9501763934108381
ESIK-05756,4.381667613983154,0.9486855092773233
ESIK-05792,4.197540283203125,0.9411556498487359
ESIK-05649,4.042860984802246,0.9340414420744013
ESIK-05492,4.015300750732422,0.9326926810062444
ESIK-05667,3.868011713027954,0.9250414811282279
ESIK-05496,3.867041826248169,0.9249885429905075
ESIK-05543,3.8547022342681885,0.9243120212349236
ESIK-05730,3.851012945175171,0.9241086695711779
ESIK-05722,3.8202922344207764,0.9223957962280824
ESIK-05721,3.7881104946136475,0.9205635504280562
ESIK-05577,3.7852063179016113,0.9203962725193089
ESIK-01294,3.4976119995117188,0.9021577426221752
ESIK-05702,3.2484874725341797,0.8834376590243403
ESIK-05754,3.201561689376831,0.8795809819725292
ESIK-05714,3.1245923042297363,0.8730168277256855
ESIK-05786,2.9690003395080566,0.8588127069109147
ESIK-05651,2.963883399963379,0.8583237661812793
ESIK-05674,2.932563066482544,0.8553001315756423
ESIK-05766,2.66178560256958,0.8268855679090102
ESIK-05647,2.6194803714752197,0.8220682123942858
ESIK-02513,2.493945837020874,0.8071565399375532
ESIK-03127,2.315396547317505,0.7843395433138999
ESIK-05773,2.085970640182495,0.7522408576769043
ESIK-01653,2.0638201236724854,0.7489780039138645
ESIK-05540,2.0102779865264893,0.7409738390175801
ESIK-05842,1.9817960262298584,0.7366489540547101
ESIK-05824,1.8482965230941772,0.7157692802704136
ESIK-05671,1.8478729724884033,0.7157014684916959
ESIK-00182,1.7715665102005005,0.7033271310442575
ESIK-05746,1.6875965595245361,0.6893570835555993
ESIK-05316,1.6409989595413208,0.6814508296248398
ESIK-04333,1.471835732460022,0.6518840700299428
ESIK-03928,1.4322552680969238,0.6447830005519559
ESIK-04872,1.3012149333953857,0.6208289398115524
ESIK-05147,1.2357405424118042,0.6086272893251155
ESIK-05579,1.202065348625183,0.6022972989624893
ESIK-05488,1.1718701124191284,0.5965921255537161
ESIK-05467,1.1667897701263428,0.5956296126738388
ESIK-04197,0.8586575984954834,0.5361408041056085
ESIK-02300,0.8021227717399597,0.5250609836470317
ESIK-05648,0.6948722004890442,0.5039828064846258
ESIK-01125,0.5955087542533875,0.48444041799109455
ESIK-02078,0.5865746736526489,0.4826847421380067
ESIK-05514,0.5569585561752319,0.47686804239149855
ESIK-05454,0.5301521420478821,0.47160853869678615
ESIK-05820,0.5078767538070679,0.4672427765764451
ESIK-05458,0.3799426257610321,0.4422860470971432
ESIK-05464,0.32590341567993164,0.43182395731129464
ESIK-05783,0.2726436257362366,0.4215718980647216
ESIK-02660,0.24684645235538483,0.41662979370126885
ESIK-02980,0.18751969933509827,0.40532912684347555
ESIK-00424,0.16006135940551758,0.40013181289569005
ESIK-05541,0.12344098836183548,0.39323532213320217
ESIK-05477,0.1226067915558815,0.3930787063911538
ESIK-05809,-0.041017696261405945,0.3628196541499897
ESIK-05735,-0.04982743412256241,0.3612185258365194
ESIK-02183,-0.05277649685740471,0.36068323374531064
ESIK-03983,-0.09583279490470886,0.35290794074403475
ESIK-04066,-0.11539999395608902,0.34939969807667065
ESIK-00239,-0.13364513218402863,0.34614310865314085
ESIK-00674,-0.1648169755935669,0.3406125657318876
ESIK-03277,-0.19493640959262848,0.33530964812084857
ESIK-05542,-0.22719340026378632,0.32967614100069487
ESIK-00053,-0.27251389622688293,0.3218433672062562
ESIK-03369,-0.28031012415885925,0.3205058238791533
ESIK-05799,-0.33616870641708374,0.3110095399300895
ESIK-01050,-0.3685441017150879,0.3055768224213229
ESIK-00760,-0.39044463634490967,0.3019321338789093
ESIK-05621,-0.3940238058567047,0.3013388380602432
ESIK-03623,-0.4248514473438263,0.2962563378302429
ESIK-05487,-0.4872644245624542,0.2861202358013007
ESIK-02800,-0.49786803126335144,0.28441895928403804
ESIK-05596,-0.6271699666976929,0.26417212279411656
ESIK-03080,-0.6489182114601135,0.26085888846698063
ESIK-05640,-0.6935271620750427,0.2541476171678908
ESIK-04136,-0.7383880615234375,0.24751425415618264
ESIK-01377,-0.7674576044082642,0.24327839719436328
ESIK-04717,-0.821840226650238,0.23548703169035606
ESIK-01891,-0.8236097097396851,0.23523644222996687
ESIK-03525,-0.8236638903617859,0.23522877222929958
ESIK-00818,-0.8364819288253784,0.233419074223608
ESIK-03549,-0.8397600054740906,0.23295782122708683
ESIK-05572,-0.898694634437561,0.22477375180969372
ESIK-03676,-0.9235631823539734,0.22138216911722408
ESIK-03359,-0.9489161968231201,0.2179623792519688
ESIK-05299,-0.9973272681236267,0.21153868046577762
ESIK-05166,-1.0063844919204712,0.2103523764045201
ESIK-00448,-1.059541940689087,0.20348838754237336
ESIK-03009,-1.0953898429870605,0.1989544660540982
ESIK-01688,-1.1360985040664673,0.19389834662069066
ESIK-03439,-1.1789346933364868,0.1886839936031197
ESIK-04473,-1.2149423360824585,0.18438465762910522
ESIK-05551,-1.2169777154922485,0.18414391084331175
ESIK-00873,-1.281747579574585,0.17660965968737852
ESIK-03323,-1.293019413948059,0.17532350695433313
ESIK-00700,-1.3462278842926025,0.16935174719872076
ESIK-05597,-1.3722176551818848,0.1664942103035247
ESIK-00745,-1.3831793069839478,0.16530061243211613
ESIK-05063,-1.3969918489456177,0.16380636892992878
ESIK-05157,-1.4765920639038086,0.1554062249591805
ESIK-02848,-1.4867527484893799,0.15435965912786398
ESIK-00821,-1.491156816482544,0.15390782637919745
ESIK-03137,-1.502859115600586,0.1527124927588972
ESIK-02563,-1.5216453075408936,0.15080950129968554
ESIK-05511,-1.558199167251587,0.14716262084044102
ESIK-03144,-1.5585403442382812,0.1471289288352691
ESIK-01598,-1.6540738344192505,0.13794366021137372
ESIK-05106,-1.7160899639129639,0.1322423395239089
ESIK-04259,-1.7181878089904785,0.13205301658202073
ESIK-03466,-1.7750072479248047,0.1270121507035736
ESIK-05764,-1.8459502458572388,0.12094999738143551
ESIK-05768,-1.8589595556259155,0.11986578970249326
ESIK-02407,-1.9300931692123413,0.11408498300623385
ESIK-00089,-1.9366109371185303,0.11356763323669349
ESIK-05641,-1.9423822164535522,0.11311124488297451
ESIK-03507,-1.9530072212219238,0.11227521171345405
ESIK-03102,-1.96293306350708,0.1114990741701419
ESIK-01322,-1.9649908542633057,0.11133875639945831
ESIK-04771,-1.9668755531311035,0.1111921007617367
ESIK-04613,-1.968309998512268,0.11108059436535066
ESIK-03347,-2.0028340816497803,0.10842625653376636
ESIK-03630,-2.012047052383423,0.10772740822041242
ESIK-01689,-2.017557382583618,0.10731131833815206
ESIK-03734,-2.0352742671966553,0.10598306993636172
ESIK-01504,-2.0863969326019287,0.1022313306434478
ESIK-05287,-2.088782787322998,0.1020591467000637
ESIK-04695,-2.1042661666870117,0.10094796774846004
ESIK-03321,-2.127636432647705,0.09929111873862312
ESIK-00551,-2.1357100009918213,0.09872438477643836
ESIK-01833,-2.1659739017486572,0.09662553868190794
ESIK-03906,-2.1730356216430664,0.09614156555647438
ESIK-03378,-2.2281687259674072,0.09243699274502333
ESIK-03376,-2.2614352703094482,0.09026418502643925
ESIK-04621,-2.2675764560699463,0.08986813723595724
ESIK-00804,-2.311652898788452,0.08707132148305613
ESIK-03064,-2.325209140777588,0.08622708737790333
ESIK-04753,-2.3392980098724365,0.08535754545975277
ESIK-01206,-2.3511321544647217,0.08463331325951985
ESIK-01063,-2.353950023651123,0.08446168776216655
ESIK-00012,-2.36214542388916,0.08396433194722355
ESIK-03916,-2.4394168853759766,0.07940427169688534
ESIK-02438,-2.4454386234283447,0.07905857621389296
ESIK-03585,-2.4942355155944824,0.07630763353069055
ESIK-00098,-2.5363616943359375,0.07400367098445779
ESIK-01359,-2.550161361694336,0.07326296296797187
ESIK-05518,-2.5552570819854736,0.07299117638307186
ESIK-02836,-2.5685880184173584,0.07228454257987346
ESIK-04145,-2.6145100593566895,0.06989838984104234
ESIK-03978,-2.624474287033081,0.06939034578924723
ESIK-00839,-2.6301803588867188,0.06910095230904995
ESIK-00478,-2.658196210861206,0.06769622695626916
ESIK-05271,-2.658900737762451,0.06766124533523833
ESIK-01779,-2.662604808807373,0.06747760405344502
ESIK-05079,-2.675264596939087,0.06685343959766746
ESIK-01677,-2.6795051097869873,0.06664557100992323
ESIK-03284,-2.7092275619506836,0.06520535462690123
ESIK-05619,-2.7195613384246826,0.06471144455159622
ESIK-02114,-2.731091260910034,0.06416447537695817
ESIK-02826,-2.7457706928253174,0.06347432746545133
ESIK-01855,-2.7553822994232178,0.0630261967377895
ESIK-03422,-2.7645084857940674,0.06260343096595615
ESIK-00835,-2.768638849258423,0.06241296519311288
ESIK-03250,-2.7719972133636475,0.062258497902921275
ESIK-00962,-2.7857861518859863,0.06162801257902125
ESIK-02437,-2.792619466781616,0.0613177812898974
ESIK-02319,-2.794480562210083,0.06123354112812622
ESIK-03083,-2.8040363788604736,0.06080271035563468
ESIK-04787,-2.8098416328430176,0.06054236232358426
ESIK-04779,-2.8137834072113037,0.06036618057498224
ESIK-02724,-2.828855276107788,0.05969694299242844
ESIK-01826,-2.8505868911743164,0.05874421663036957
ESIK-01454,-2.863969087600708,0.058164644680874504
ESIK-01678,-2.8850128650665283,0.05726409752218546
ESIK-05566,-2.891399621963501,0.05699338322347747
ESIK-04734,-2.8995251655578613,0.05665070523564414
ESIK-02845,-2.9062743186950684,0.05636754696635867
ESIK-01602,-2.9223272800445557,0.05569938933768453
ESIK-03052,-2.93061900138855,0.05535719627259464
ESIK-01385,-2.946793556213379,0.05469537330031188
ESIK-01287,-2.948145627975464,0.05464038872284625
ESIK-01604,-2.9659264087677,0.05392212940056584
ESIK-01738,-2.9669618606567383,0.053880577535146516
ESIK-02423,-2.9689929485321045,0.05379915927851177
ESIK-03095,-2.974548816680908,0.05357703900303092
ESIK-03029,-2.9893336296081543,0.05299015853450537
ESIK-03146,-2.997856378555298,0.052654612371312914
ESIK-00309,-3.015995502471924,0.0519471326842633
ESIK-01045,-3.0182220935821533,0.05186091065903627
ESIK-04515,-3.0206921100616455,0.05176542056705309
ESIK-04481,-3.034943103790283,0.051217720081941906
ESIK-04546,-3.0503151416778564,0.050633083131284666
ESIK-03661,-3.0523104667663574,0.05055766074762867
ESIK-02436,-3.054769515991211,0.050464856117510455
ESIK-04061,-3.0618152618408203,0.05019984176579078
ESIK-03974,-3.0720534324645996,0.04981709795384191
ESIK-05152,-3.078538656234741,0.04957608655533613
ESIK-02033,-3.0907487869262695,0.049125315905050364
ESIK-04687,-3.0954132080078125,0.04895414407137628
ESIK-01954,-3.1039936542510986,0.048640741139220345
ESIK-04630,-3.1454968452453613,0.04715152586083192
ESIK-00246,-3.1457037925720215,0.04714420989080996
ESIK-02327,-3.1513638496398926,0.04694453425610921
ESIK-02439,-3.1580772399902344,0.04670874151645051
ESIK-03657,-3.1581530570983887,0.046706085053417126
ESIK-02524,-3.1596832275390625,0.04665250198337498
ESIK-05007,-3.1849071979522705,0.04577759978968378
ESIK-01296,-3.1883018016815186,0.04566105594151914
ESIK-02565,-3.193972110748291,0.04546701221843751
ESIK-04946,-3.2232649326324463,0.0444770297843958
ESIK-05727,-3.22721266746521,0.04434519350637971
ESIK-03786,-3.248077630996704,0.043654567263511544
ESIK-05381,-3.2498297691345215,0.04359704127258601
ESIK-00131,-3.260018825531006,0.0432639465441991
ESIK-03475,-3.2635626792907715,0.043148663481161656
ESIK-00999,-3.2681639194488525,0.04299942082166458
ESIK-01648,-3.275193691253662,0.042772359618822746
ESIK-00085,-3.281567096710205,0.0425674893883322
ESIK-01801,-3.2877988815307617,0.042368078344167476
ESIK-04999,-3.2961654663085938,0.04210175941809611
ESIK-03765,-3.3020482063293457,0.04191546345885129
ESIK-03143,-3.302363157272339,0.041905511782563604
ESIK-01762,-3.3038079738616943,0.04185988807653226
ESIK-01735,-3.3482308387756348,0.04048009330552471
ESIK-00415,-3.351518392562866,0.0403797296030001
ESIK-01791,-3.360299825668335,0.04011281406079641
ESIK-05247,-3.361968517303467,0.040062284945163756
ESIK-01642,-3.3798892498016357,0.03952346439243312
ESIK-03973,-3.380800485610962,0.039496252817505476
ESIK-01439,-3.3906166553497314,0.03920425655400413
ESIK-02854,-3.3940839767456055,0.039101611749400675
ESIK-02185,-3.3963840007781982,0.03903366529824523
ESIK-02229,-3.413633346557617,0.0385276902242304
ESIK-01889,-3.4374239444732666,0.037840160932039825
ESIK-02285,-3.440473794937134,0.03775287954661051
ESIK-04610,-3.4631152153015137,0.03711094400854678
ESIK-03269,-3.46614146232605,0.037025942137251536
ESIK-03039,-3.4804837703704834,0.03662563222686529
ESIK-01337,-3.482562303543091,0.036567964533341095
ESIK-04122,-3.4869909286499023,0.03644538610527711
ESIK-00864,-3.492696523666382,0.03628804554437264
ESIK-03043,-3.503887891769409,0.03598132291871479
ESIK-04081,-3.5097081661224365,0.03582279424993754
ESIK-00257,-3.520550012588501,0.03552928283051107
ESIK-01790,-3.5394976139068604,0.035021884513833375
ESIK-02665,-3.544124126434326,0.03489905571406515
ESIK-01999,-3.560983896255493,0.034454951741929724
ESIK-00234,-3.562234878540039,0.03442221760798574
ESIK-02290,-3.583822250366211,0.03386204900113282
ESIK-03076,-3.600682020187378,0.033430684225632896
ESIK-03163,-3.622286081314087,0.03288568405569685
ESIK-02552,-3.6375255584716797,0.03250641437496642
ESIK-01659,-3.6397218704223633,0.032452103743362715
ESIK-05125,-3.6491310596466064,0.03222042337435673
ESIK-03077,-3.6619226932525635,0.03190802089858324
ESIK-04103,-3.670156240463257,0.03170848945120349
ESIK-01175,-3.6919209957122803,0.031186838319888884
ESIK-05170,-3.697924852371216,0.031044407307488617
ESIK-00659,-3.7357990741729736,0.030160318523199434
ESIK-03129,-3.742292881011963,0.030011204880550396
ESIK-04668,-3.755445718765259,0.029711369545498887
ESIK-00811,-3.756098747253418,0.029696558854596995
ESIK-04318,-3.7630763053894043,0.02953875392262394
ESIK-04571,-3.7762622833251953,0.029242756126327447
ESIK-00319,-3.7788290977478027,0.029185471901731708
ESIK-00605,-3.7981200218200684,0.0287584212606339
ESIK-00356,-3.8026013374328613,0.028660087914860796
ESIK-02708,-3.8032679557800293,0.028645488240520992
ESIK-01262,-3.811410903930664,0.02846773031471174
ESIK-04098,-3.822242498397827,0.02823293879704127
ESIK-03454,-3.834258794784546,0.0279746668933815
ESIK-04870,-3.840878486633301,0.027833368479311227
ESIK-05196,-3.853868246078491,0.02755811214052419
ESIK-03812,-3.863389492034912,0.02735803620724332
ESIK-00359,-3.875575065612793,0.027104031782550587
ESIK-05033,-3.889357566833496,0.026819502541074753
ESIK-03162,-3.89725399017334,0.02665779784908778
ESIK-03566,-3.9046547412872314,0.02650710473946734
ESIK-00842,-3.9063775539398193,0.026472144137136458
ESIK-00166,-3.923328161239624,0.02613055312563148
ESIK-04003,-3.931097984313965,0.025975411910272795
ESIK-01148,-3.949427604675293,0.025612965646088216
ESIK-00242,-3.9541358947753906,0.02552066261472068
ESIK-02179,-3.956479549407959,0.02547483758710202
ESIK-04858,-3.9632761478424072,0.025342397704471734
ESIK-03293,-3.979468584060669,0.025029565160474224
ESIK-01742,-3.9889285564422607,0.02484854610098257
ESIK-01798,-3.989555835723877,0.024836588152659152
ESIK-05052,-3.994535446166992,0.02474185962118544
ESIK-03053,-3.9972429275512695,0.024690502314311195
ESIK-02704,-3.9983227252960205,0.024670048988587937
ESIK-00825,-4.00416898727417,0.02455959663950544
ESIK-00920,-4.012398719787598,0.024404930381494144
ESIK-04243,-4.0163187980651855,0.02433159232225393
ESIK-03869,-4.068964004516602,0.02336727389489756
ESIK-02352,-4.07156229019165,0.02332065869268263
ESIK-00004,-4.07260799407959,0.023301923605211817
ESIK-02849,-4.0750203132629395,0.02325875992573195
ESIK-04929,-4.0951008796691895,0.022902474377530225
ESIK-03116,-4.098199367523193,0.0228479752533688
ESIK-01239,-4.1081695556640625,0.022673468295160207
ESIK-02774,-4.108959197998047,0.022659703054981405
ESIK-04701,-4.111288547515869,0.022619144799757577
ESIK-01477,-4.111291885375977,0.0226190867323918
ESIK-03760,-4.116679668426514,0.02252554728544381
ESIK-01366,-4.119419574737549,0.022478123744128654
ESIK-05164,-4.121327877044678,0.022445151625318925
ESIK-00452,-4.123405456542969,0.02240930842136173
ESIK-03385,-4.12750768661499,0.022338699326955782
ESIK-03121,-4.135132789611816,0.02220803040628583
ESIK-05121,-4.135695934295654,0.02219840965301552
ESIK-02458,-4.14597749710083,0.022023474022004073
ESIK-00852,-4.150041103363037,0.02195470596394218
ESIK-00095,-4.150054454803467,0.02195448036499762
ESIK-02671,-4.151711463928223,0.02192649951047502
ESIK-02891,-4.159775733947754,0.02179082027936862
ESIK-01941,-4.166444301605225,0.021679243725468963
ESIK-00281,-4.16948938369751,0.021628480262643173
ESIK-03943,-4.177743434906006,0.0214914638277771
ESIK-01464,-4.179248809814453,0.021466566446921402
ESIK-04025,-4.179287433624268,0.021465928019434487
ESIK-00814,-4.184064865112305,0.021387103104193003
ESIK-00895,-4.192792892456055,0.021243826078860627
ESIK-03014,-4.198442459106445,0.021151585327395417
ESIK-03809,-4.20412540435791,0.021059194970496478
ESIK-00778,-4.208921432495117,0.02098153099137144
ESIK-02325,-4.210760593414307,0.02095182313822497
ESIK-02888,-4.213083267211914,0.02091436394478381
ESIK-03336,-4.220368385314941,0.020797297038790873
ESIK-03060,-4.220791816711426,0.02079051254042985
ESIK-05286,-4.2360944747924805,0.020546771824507024
ESIK-01059,-4.243670463562012,0.020427139018461774
ESIK-02582,-4.246108055114746,0.02038879211514859
ESIK-00466,-4.249171257019043,0.020340703375485658
ESIK-03212,-4.261592864990234,0.020146834317494887
ESIK-05510,-4.267386436462402,0.020057031716967138
ESIK-02299,-4.269356727600098,0.02002658087814659
ESIK-00026,-4.269807815551758,0.020019615689695548
ESIK-00984,-4.274216175079346,0.019951671597032285
ESIK-02948,-4.282406330108643,0.01982603957249306
ESIK-00678,-4.284862995147705,0.019788507156725532
ESIK-00945,-4.28922700881958,0.019722006271006315
ESIK-02717,-4.297799110412598,0.01959201750089878
ESIK-03859,-4.29996395111084,0.0195593225198456
ESIK-04487,-4.302550315856934,0.01952033147874306
ESIK-04699,-4.306955814361572,0.019454091202437754
ESIK-03955,-4.3076395988464355,0.019443829714005847
ESIK-01969,-4.313833236694336,0.019351123729017487
ESIK-05359,-4.31615686416626,0.019316455702496297
ESIK-04508,-4.320982456207275,0.019244653304728545
ESIK-01144,-4.325369358062744,0.019179605502065777
ESIK-01384,-4.327714920043945,0.01914491462940436
ESIK-05341,-4.331094741821289,0.019095035220661777
ESIK-01847,-4.348937034606934,0.018833823303462078
ESIK-02260,-4.351257801055908,0.018800105796932136
ESIK-04760,-4.355029582977295,0.018745433320755758
ESIK-00100,-4.362739562988281,0.018634160928698493
ESIK-02241,-4.374277114868164,0.018468857396758208
ESIK-00851,-4.387572765350342,0.01828014874789011
ESIK-03902,-4.390671730041504,0.018236436980731515
ESIK-02498,-4.395375728607178,0.018170281729154754
ESIK-03416,-4.399128437042236,0.018117674022474467
ESIK-02508,-4.409210205078125,0.017977081018247406
ESIK-00882,-4.418447494506836,0.01784920504198643
ESIK-02068,-4.4330949783325195,0.017648262002807086
ESIK-02900,-4.438084125518799,0.01758032637436091
ESIK-01747,-4.448561191558838,0.01743849841700174
ESIK-02479,-4.449538707733154,0.01742532325049162
ESIK-04944,-4.450189590454102,0.017416555940900517
ESIK-03418,-4.450799465179443,0.017408344936075168
ESIK-01502,-4.453758239746094,0.017368563627851684
ESIK-03188,-4.453866958618164,0.017367103583348205
ESIK-05180,-4.456316947937012,0.017334233306124127
ESIK-03285,-4.459324359893799,0.017293967915142754
ESIK-00929,-4.47545051574707,0.01707962174631841
ESIK-01243,-4.483067512512207,0.016979287703364966
ESIK-04464,-4.486489295959473,0.016934403404114572
ESIK-01802,-4.496088981628418,0.016809103719682496
ESIK-01785,-4.501871109008789,0.01673407283203914
ESIK-00987,-4.50267219543457,0.016723703655979562
ESIK-01032,-4.504848957061768,0.016695559776346812
ESIK-05772,-4.512430667877197,0.016597897019200874
ESIK-03951,-4.5129570960998535,0.01659113679767631
ESIK-04313,-4.513340950012207,0.016586209176078722
ESIK-05081,-4.538227081298828,0.01626979234113339
ESIK-01947,-4.542738914489746,0.016213065331174868
ESIK-03556,-4.547641277313232,0.016151648719619275
ESIK-04785,-4.556987285614014,0.01603519560852701
ESIK-05209,-4.5698466300964355,0.015876314662386228
ESIK-05294,-4.5703959465026855,0.015869562302198912
ESIK-03164,-4.578152656555176,0.015774515636244543
ESIK-00616,-4.58128023147583,0.01573635062317661
ESIK-05309,-4.5833330154418945,0.015711350419059945
ESIK-00889,-4.583710670471191,0.015706755336788458
ESIK-01077,-4.5910115242004395,0.01561818234747618
ESIK-00586,-4.5911545753479,0.015616451789044881
ESIK-02626,-4.5915632247924805,0.015611509199927603
ESIK-03482,-4.591763019561768,0.015609093255241764
ESIK-02385,-4.59375524520874,0.015585023117992229
ESIK-05013,-4.594776153564453,0.015572702628847364
ESIK-02719,-4.599014759063721,0.01552165287938616
ESIK-01601,-4.601504325866699,0.015491745365923506
ESIK-03805,-4.604230880737305,0.015459055955611844
ESIK-05189,-4.607476711273193,0.015420229322207275
ESIK-04270,-4.609080791473389,0.015401076766771242
ESIK-04794,-4.615024089813232,0.015330318278370296
ESIK-03518,-4.61673641204834,0.015309991517967553
ESIK-01837,-4.61786413192749,0.015296618991693583
ESIK-04552,-4.619717121124268,0.015274671171991092
ESIK-02108,-4.623804569244385,0.0152263667590052
ESIK-05666,-4.624481201171875,0.015218385018207324
ESIK-03446,-4.627821922302246,0.015179037269943782
ESIK-02340,-4.635848522186279,0.015084907209050617
ESIK-04355,-4.648106575012207,0.014942261919278233
ESIK-01982,-4.651985168457031,0.014897404528306705
ESIK-02140,-4.654225826263428,0.014871550946409288
ESIK-03889,-4.654505252838135,0.014868329914444114
ESIK-03492,-4.655176639556885,0.014860593451709479
ESIK-02157,-4.657567501068115,0.014833075478004326
ESIK-02356,-4.659322261810303,0.014812910741688995
ESIK-01212,-4.661587715148926,0.01478691733659752
ESIK-03548,-4.6687517166137695,0.014705014199115858
ESIK-04804,-4.674178600311279,0.014643268460431786
ESIK-04112,-4.6758809089660645,0.014623952690998872
ESIK-00001,-4.688498497009277,0.014481563785439024
ESIK-01399,-4.7062602043151855,0.014283436059115638
ESIK-01369,-4.7130537033081055,0.014208364480928135
ESIK-04224,-4.713391304016113,0.014204643983151964
ESIK-00788,-4.714993000030518,0.014187005718489031
ESIK-04741,-4.715936660766602,0.014176624005161087
ESIK-00789,-4.716999530792236,0.014164939773363378
ESIK-01091,-4.72205924987793,0.014109447811517226
ESIK-00256,-4.7223005294799805,0.014106806961146193
ESIK-00266,-4.724903106689453,0.014078352220070443
ESIK-04601,-4.739765644073486,0.01391693656502826
ESIK-05055,-4.74033260345459,0.013910815324531154
ESIK-05139,-4.746519088745117,0.01384419450858068
ESIK-05296,-4.750184535980225,0.013804870673667329
ESIK-03552,-4.750360488891602,0.013802985779602372
ESIK-01362,-4.756436347961426,0.013738053636192274
ESIK-03477,-4.7569050788879395,0.013733056884926749
ESIK-04126,-4.762741565704346,0.013670988829961142
ESIK-01923,-4.763150691986084,0.013666648371065303
ESIK-00975,-4.764087677001953,0.013656712929085718
ESIK-03820,-4.764180660247803,0.013655727357779285
ESIK-02011,-4.768910884857178,0.013605682015373719
ESIK-05326,-4.77351713180542,0.013557122186238493
ESIK-01599,-4.7740068435668945,0.013551969625646684
ESIK-03923,-4.77429723739624,0.013548915124675908
ESIK-00138,-4.77564001083374,0.01353480001893396
ESIK-01548,-4.778506755828857,0.013504713586938567
ESIK-01180,-4.781835079193115,0.01346986564188366
ESIK-05484,-4.78275728225708,0.013460225767349293
ESIK-04852,-4.791904926300049,0.013364972365839512
ESIK-01162,-4.792057037353516,0.013363394083846514
ESIK-03921,-4.79797887802124,0.013302092636511744
ESIK-02679,-4.80278205871582,0.013252575110470698
ESIK-00222,-4.8097686767578125,0.013180872317678439
ESIK-01939,-4.815647125244141,0.01312083914658511
ESIK-01557,-4.8342814445495605,0.012932315271918215
ESIK-02376,-4.8365797996521,0.012909248737348554
ESIK-03909,-4.843277931213379,0.012842256931171506
ESIK-02568,-4.850891590118408,0.012766525033754085
ESIK-03621,-4.851236343383789,0.012763106277898315
ESIK-03313,-4.852369785308838,0.012751872835987442
ESIK-04756,-4.85310697555542,0.01274457184769034
ESIK-04281,-4.8578667640686035,0.012697531060186102
ESIK-05631,-4.872001647949219,0.012558844549560305
ESIK-02549,-4.874497890472412,0.012534508143493212
ESIK-04179,-4.881048679351807,0.01247086429089242
ESIK-01612,-4.886125087738037,0.012421764233143222
ESIK-05158,-4.8894572257995605,0.012389638933929904
ESIK-01764,-4.891408920288086,0.01237086066921198
ESIK-05133,-4.9087066650390625,0.012205653814137482
ESIK-02016,-4.913002967834473,0.012164959759630277
ESIK-05354,-4.9203948974609375,0.012095257699334545
ESIK-02522,-4.92120361328125,0.012087655910099913
ESIK-04529,-4.925458908081055,0.012047734551628848
ESIK-04419,-4.926944732666016,0.01203382587950016
ESIK-01898,-4.930245399475098,0.012002985359545809
ESIK-02758,-4.930375576019287,0.012001770627562011
ESIK-03042,-4.935293674468994,0.011955966642919478
ESIK-04274,-4.936791896820068,0.011942047518073137
ESIK-04219,-4.938230991363525,0.01192869278977688
ESIK-00244,-4.940673351287842,0.01190606156739948
ESIK-01353,-4.94305944442749,0.011883992686020002
ESIK-05099,-4.9498982429504395,0.011820964574598762
ESIK-02000,-4.950511455535889,0.011815329212339878
ESIK-00753,-4.954367160797119,0.011779956434600045
ESIK-04716,-4.965778827667236,0.01167587621870288
ESIK-00538,-4.97041654586792,0.011633838028898377
ESIK-00475,-4.971556663513184,0.011623526458622883
ESIK-04292,-4.9813737869262695,0.01153511032608955
ESIK-05128,-4.9850664138793945,0.011502025666086735
ESIK-04653,-4.995302677154541,0.011410801853005787
ESIK-02730,-4.996472358703613,0.011400423489002824
ESIK-04230,-4.998802185058594,0.011379779172529633
ESIK-03673,-5.00119161605835,0.011358645089921815
ESIK-02337,-5.002466678619385,0.011347383274234096
ESIK-05361,-5.004683494567871,0.011327829821462944
ESIK-04215,-5.010100841522217,0.01128018608947336
ESIK-03447,-5.01498556137085,0.011237396504189468
ESIK-01329,-5.015544891357422,0.011232507088682677
ESIK-00471,-5.022837162017822,0.011168953419014145
ESIK-02728,-5.024687767028809,0.011152881648915551
ESIK-00279,-5.02772855758667,0.011126523229273825
ESIK-04377,-5.029070854187012,0.011114907433070318
ESIK-02415,-5.030642986297607,0.011101317960372583
ESIK-01553,-5.034785270690918,0.01106559077108756
ESIK-03942,-5.0365800857543945,0.011050145822817728
ESIK-02944,-5.0401692390441895,0.011019323937577102
ESIK-00455,-5.052129745483398,0.01091722539623329
ESIK-05753,-5.052238464355469,0.01091630164248996
ESIK-02459,-5.057643413543701,0.01087047462489169
ESIK-01897,-5.0682783126831055,0.010780859162423283
ESIK-04010,-5.073747158050537,0.010735060582824642
ESIK-00607,-5.0753493309021,0.01072167974994055
ESIK-03316,-5.075761795043945,0.010718237653105879
ESIK-00573,-5.07926607131958,0.010689037816877248
ESIK-04302,-5.084270000457764,0.010647478290203877
ESIK-04012,-5.08645486831665,0.010629382306720258
ESIK-02243,-5.092036247253418,0.010583293025419818
ESIK-03703,-5.093275547027588,0.010573086129357857
ESIK-01541,-5.096566677093506,0.010546027568702002
ESIK-01303,-5.104441165924072,0.010481563927345325
ESIK-04341,-5.106740951538086,0.010462810650114627
ESIK-02209,-5.109364032745361,0.010441461628369276
ESIK-03246,-5.111153602600098,0.010426921220243862
ESIK-02706,-5.113440990447998,0.010408365165384634
ESIK-03811,-5.116506576538086,0.010383547338731779
ESIK-04578,-5.1260085105896,0.010306994701441797
ESIK-02269,-5.128969192504883,0.010283256192196253
ESIK-04367,-5.128971099853516,0.01028324091668107
ESIK-01592,-5.134628772735596,0.010238028602146045
ESIK-01467,-5.138305187225342,0.010208754681649028
ESIK-04953,-5.1438517570495605,0.010164746109987495
ESIK-00930,-5.1441216468811035,0.010162609499648081
ESIK-00529,-5.144434452056885,0.010160133701750621
ESIK-04825,-5.146186828613281,0.01014627498541087
ESIK-04598,-5.158378601074219,0.010050372580462345
ESIK-03986,-5.1608171463012695,0.010031298555333957
ESIK-00097,-5.161945819854736,0.010022482333309619
ESIK-04282,-5.171558380126953,0.00994770748743172
ESIK-01266,-5.172398090362549,0.00994120178053859
ESIK-04535,-5.173712253570557,0.009931028673024932
ESIK-04384,-5.182350158691406,0.009864417559190762
ESIK-01533,-5.186953544616699,0.009829099473575478
ESIK-02777,-5.18757963180542,0.009824305690693685
ESIK-03142,-5.209171772003174,0.009660389481159309
ESIK-04251,-5.209360122680664,0.00965897160291052
ESIK-01108,-5.2110676765441895,0.009646126769103393
ESIK-03586,-5.2209978103637695,0.009571763255544628
ESIK-01699,-5.2379961013793945,0.009445784114917616
ESIK-04400,-5.244427680969238,0.00939854729846314
ESIK-03290,-5.25127649307251,0.009348503340980625
ESIK-01293,-5.255958557128906,0.009314443705407864
ESIK-01423,-5.257488250732422,0.009303342625218484
ESIK-04927,-5.258362293243408,0.009297005529992065
ESIK-02533,-5.2664666175842285,0.00923844978849448
ESIK-03072,-5.276065826416016,0.009169565658663259
ESIK-04236,-5.2788496017456055,0.009149684580317417
ESIK-04704,-5.28207540512085,0.009126700052965408
ESIK-02641,-5.285587310791016,0.00910174202566854
ESIK-04793,-5.2974042892456055,0.009018257980315268
ESIK-01480,-5.299431800842285,0.00900401056701262
ESIK-05322,-5.315125942230225,0.008894479075057167
ESIK-03766,-5.317653179168701,0.008876965016095655
ESIK-05136,-5.317857265472412,0.008875552165581207
ESIK-04711,-5.324818134307861,0.008827496598115773
ESIK-03931,-5.336455821990967,0.008747729111532267
ESIK-04022,-5.337254047393799,0.008742284140278112
ESIK-04169,-5.346812725067139,0.008677341494058053
ESIK-01416,-5.349895477294922,0.008656499112425825
ESIK-04089,-5.356943607330322,0.008609033193789707
ESIK-03488,-5.36362886428833,0.00856424951682399
ESIK-02064,-5.369372367858887,0.008525959017263707
ESIK-04966,-5.371095657348633,0.00851450341461206
ESIK-05167,-5.371809959411621,0.00850975955147504
ESIK-01173,-5.372585773468018,0.008504610139943861
ESIK-04393,-5.386127948760986,0.008415220897585654
ESIK-05423,-5.38618278503418,0.008414860834481858
ESIK-01182,-5.387468338012695,0.008406424078259386
ESIK-01498,-5.389155864715576,0.008395362000593192
ESIK-02500,-5.393755912780762,0.008365281001707095
ESIK-03071,-5.395127296447754,0.008356333838397042
ESIK-03874,-5.415276050567627,0.008225968279952001
ESIK-02008,-5.422732830047607,0.008178234817353127
ESIK-00486,-5.425522327423096,0.00816044895541986
ESIK-01280,-5.4310150146484375,0.00812553959165222
ESIK-05062,-5.432897567749023,0.008113608937258961
ESIK-05101,-5.439510345458984,0.008071838090756253
ESIK-01978,-5.441434860229492,0.008059721653563697
ESIK-01310,-5.443984508514404,0.008043697253063375
ESIK-02250,-5.447762489318848,0.008020010938027563
ESIK-04807,-5.450366020202637,0.008003728199040402
ESIK-03237,-5.450996398925781,0.007999790681877002
ESIK-05233,-5.462249755859375,0.00792982160528226
ESIK-00022,-5.467365741729736,0.00789821341628926
ESIK-03147,-5.473593711853027,0.007859903681483243
ESIK-02835,-5.4813714027404785,0.007812320012417758
ESIK-02080,-5.488102912902832,0.0077713676391151145
ESIK-02485,-5.488309383392334,0.007770114910508568
ESIK-00994,-5.488757610321045,0.007767396050663316
ESIK-00453,-5.50335168838501,0.007679384984950555
ESIK-04682,-5.503842830657959,0.007676440375736007
ESIK-01934,-5.508767604827881,0.007646976106203415
ESIK-03417,-5.5190300941467285,0.007585937098240129
ESIK-04241,-5.519538879394531,0.007582923567888092
ESIK-01375,-5.537396430969238,0.007477902732712706
ESIK-00080,-5.539886474609375,0.007463373843076282
ESIK-00662,-5.546774864196777,0.0074233273058782545
ESIK-02116,-5.555637836456299,0.007372114871638918
ESIK-00493,-5.560939311981201,0.007341649420819373
ESIK-05460,-5.561672687530518,0.007337444857196348
ESIK-03512,-5.567930221557617,0.007301666444061453
ESIK-02047,-5.5706868171691895,0.007285960183601013
ESIK-01771,-5.57559061050415,0.007258102681855198
ESIK-02877,-5.575638771057129,0.0072578296160344755
ESIK-03345,-5.58156156539917,0.007224325557936324
ESIK-02889,-5.585049629211426,0.0072046661651295925
ESIK-02773,-5.585109233856201,0.007204330683931784
ESIK-04006,-5.586247444152832,0.00719792730980997
ESIK-01252,-5.589414119720459,0.007180141853221198
ESIK-04385,-5.593855381011963,0.007155271237744811
ESIK-00268,-5.598057270050049,0.007131819825422612
ESIK-03065,-5.603306770324707,0.007102628721713837
ESIK-02908,-5.604220867156982,0.007097557807790925
ESIK-01431,-5.608798980712891,0.007072214946790381
ESIK-03557,-5.612090110778809,0.007054051913271962
ESIK-03109,-5.618795871734619,0.007017187473665172
ESIK-00625,-5.6241888999938965,0.006987678525204818
ESIK-05406,-5.628498554229736,0.0069641860605925004
ESIK-03175,-5.63210916519165,0.0069445645577879515
ESIK-02601,-5.6339240074157715,0.006934722721272788
ESIK-04176,-5.6421122550964355,0.006890490033944825
ESIK-04517,-5.648202419281006,0.0068577729306355225
ESIK-00043,-5.648492813110352,0.006856216758901848
ESIK-00127,-5.650984287261963,0.006842879771102737
ESIK-00209,-5.651849746704102,0.006838252954703514
ESIK-03957,-5.660000801086426,0.0067948288986956215
ESIK-03263,-5.660470008850098,0.006792337586625193
ESIK-03123,-5.662095546722412,0.0067837136216803585
ESIK-00561,-5.66292667388916,0.006779308445718385
ESIK-03361,-5.663060665130615,0.006778598525560656
ESIK-05212,-5.664804458618164,0.006769366188262789
ESIK-01946,-5.665750503540039,0.006764362676277155
ESIK-01492,-5.670482158660889,0.006739392624838802
ESIK-04132,-5.67472505569458,0.006717079728681402
ESIK-04646,-5.675551414489746,0.006712742549603329
ESIK-04368,-5.682646751403809,0.006675616667010461
ESIK-02932,-5.6845479011535645,0.006665703718320402
ESIK-01552,-5.684728622436523,0.006664762165262541
ESIK-03354,-5.685805797576904,0.006659152851251485
ESIK-04146,-5.688152313232422,0.006646949764476706
ESIK-04477,-5.6916093826293945,0.006629011686703445
ESIK-03160,-5.695651531219482,0.006608098718172874
ESIK-02613,-5.696266174316406,0.006604924468817605
ESIK-00015,-5.696681499481201,0.006602780430194698
ESIK-05264,-5.697014808654785,0.006601060283873685
ESIK-03202,-5.6998796463012695,0.00658629373681487
ESIK-00792,-5.701671600341797,0.006577073957923915
ESIK-03992,-5.703583240509033,0.006567252515761071
ESIK-00285,-5.704868793487549,0.006560655919119893
ESIK-05404,-5.705302715301514,0.006558430809258812
ESIK-02584,-5.706395626068115,0.006552829788087934
ESIK-04124,-5.713690280914307,0.006515567171145803
ESIK-04912,-5.717782497406006,0.006494755524147862
ESIK-02014,-5.723422050476074,0.006466182817894676
ESIK-00875,-5.724650859832764,0.006459973663908616
ESIK-04430,-5.725528717041016,0.0064555414933280845
ESIK-03074,-5.72567081451416,0.00645482434845192
ESIK-02365,-5.726764678955078,0.006449306425998515
ESIK-03729,-5.727064609527588,0.0064477942660872934
ESIK-04408,-5.729892253875732,0.006433555435691933
ESIK-03249,-5.740612030029297,0.00637985828707011
ESIK-02404,-5.741359233856201,0.0063761320627843225
ESIK-01317,-5.754083156585693,0.006313010161433412
ESIK-00502,-5.76365852355957,0.006265917691879782
ESIK-03963,-5.7666401863098145,0.006251325017045039
ESIK-02278,-5.76793098449707,0.006245018149243487
ESIK-04184,-5.768897533416748,0.006240299710661291
ESIK-02531,-5.778232574462891,0.006194910432429487
ESIK-02331,-5.782138347625732,0.00617601708884249
ESIK-00633,-5.789276123046875,0.006141637451041123
ESIK-01426,-5.7897515296936035,0.00613935438635697
ESIK-03227,-5.792870044708252,0.006124399113760557
ESIK-04447,-5.796453952789307,0.0061072566934233675
ESIK-04401,-5.798052787780762,0.006099624593805104
ESIK-00229,-5.7992095947265625,0.006094108442953454
ESIK-03633,-5.803423881530762,0.006074054817204905
ESIK-04712,-5.804711818695068,0.006067939280830593
ESIK-04889,-5.805497646331787,0.0060642109270837305
ESIK-04531,-5.808390140533447,0.006050507112301746
ESIK-04958,-5.808913707733154,0.00604802989175303
ESIK-05249,-5.811304092407227,0.006036732759943728
ESIK-03258,-5.812046527862549,0.006033228226632885
ESIK-03758,-5.8160881996154785,0.006014185678097612
ESIK-03296,-5.817475318908691,0.006007663972241574
ESIK-05042,-5.8190016746521,0.006000495752574113
ESIK-04337,-5.824904918670654,0.00597285229793747
ESIK-01271,-5.826279163360596,0.005966435230277204
ESIK-02121,-5.827922344207764,0.005958771354209451
ESIK-05227,-5.830860614776611,0.005945091501245936
ESIK-02017,-5.832283973693848,0.005938475926664956
ESIK-03400,-5.832492828369141,0.0059375058149880415
ESIK-04173,-5.835221290588379,0.005924846809214195
ESIK-04459,-5.846791744232178,0.005871461841958335
ESIK-04354,-5.847814559936523,0.005866765734883695
ESIK-01047,-5.848154544830322,0.00586520557151125
ESIK-02678,-5.848707675933838,0.00586266817862412
ESIK-02881,-5.849465370178223,0.005859194158996824
ESIK-01560,-5.852337837219238,0.005846042504883246
ESIK-03848,-5.8534088134765625,0.005841146530516712
ESIK-05319,-5.858537673950195,0.005817756358400179
ESIK-04409,-5.861181259155273,0.0058057366763427055
ESIK-01641,-5.862858772277832,0.005798122275154081
ESIK-00855,-5.872379302978516,0.005755095318896914
ESIK-04289,-5.877254486083984,0.005733185532399753
ESIK-00673,-5.880331993103027,0.005719397484562437
ESIK-04416,-5.882424831390381,0.005710039852375325
ESIK-02640,-5.887826442718506,0.005685958110395268
ESIK-00558,-5.88873815536499,0.005681903438392134
ESIK-05102,-5.8895087242126465,0.005678478718936821
ESIK-02919,-5.894548416137695,0.0056561308431909525
ESIK-03705,-5.897594451904297,0.005642666007163036
ESIK-02892,-5.898955345153809,0.005636660557703031
ESIK-00272,-5.912466049194336,0.005577383206678054
ESIK-00748,-5.92166805267334,0.005537365293965792
ESIK-01154,-5.923352241516113,0.005530072022302815
ESIK-02442,-5.924132347106934,0.005526697062982897
ESIK-04853,-5.92441987991333,0.005525453630715065
ESIK-04304,-5.925830841064453,0.005519355976633317
ESIK-05143,-5.928820610046387,0.005506457400920797
ESIK-03763,-5.934469223022461,0.005482169702780921
ESIK-04123,-5.93686056137085,0.005471919639965682
ESIK-02545,-5.937504291534424,0.005469163658069353
ESIK-04921,-5.942656993865967,0.005447153244808152
ESIK-04279,-5.944013595581055,0.005441373015271903
ESIK-05140,-5.948129177093506,0.005423874580419376
ESIK-04120,-5.949769496917725,0.005416915954178523
ESIK-00544,-5.951422214508057,0.005409913713651714
ESIK-02474,-5.955861568450928,0.00539114957622438
ESIK-03092,-5.957643985748291,0.005383633929374143
ESIK-01919,-5.965668678283691,0.0053499262951186444
ESIK-03967,-5.969544887542725,0.005333719588920984
ESIK-02343,-5.972641944885254,0.005320805675005955
ESIK-04115,-5.9731268882751465,0.005318786406717243
ESIK-03217,-5.973974704742432,0.005315257992845171
ESIK-04977,-5.974028587341309,0.005315033824771327
ESIK-01053,-5.977255821228027,0.005301624680153475
ESIK-00317,-5.979542255401611,0.005292144924946237
ESIK-00278,-5.987078666687012,0.005261017525525097
ESIK-05126,-5.989016532897949,0.005253043096507723
ESIK-04298,-5.9903178215026855,0.005247694969216381
ESIK-03436,-6.0015363693237305,0.005201812246531547
ESIK-03724,-6.001668453216553,0.005201274420631047
ESIK-01643,-6.002303123474121,0.005198690909439367
ESIK-05116,-6.0077691078186035,0.005176493653856879
ESIK-00395,-6.01363468170166,0.005152778539608157
ESIK-04841,-6.017810821533203,0.005135959880455529
ESIK-02569,-6.024034023284912,0.0051109983214472484
ESIK-00709,-6.031332492828369,0.005081877549749806
ESIK-01436,-6.03358793258667,0.005072911815305123
ESIK-03091,-6.044016361236572,0.005031661313393054
ESIK-00932,-6.044482707977295,0.0050298244567880245
ESIK-00543,-6.04655122756958,0.005021684966644287
ESIK-01213,-6.0480194091796875,0.005015915720668949
ESIK-04413,-6.053909778594971,0.00499283563737901
ESIK-02466,-6.055264472961426,0.004987542536404964
ESIK-05386,-6.057685852050781,0.004978095558851719
ESIK-01257,-6.062496185302734,0.004959380895213259
ESIK-04985,-6.062641143798828,0.004958818020220077
ESIK-01731,-6.062996864318848,0.0049574370239850035
ESIK-02931,-6.06488037109375,0.004950131153579117
ESIK-02925,-6.076013565063477,0.004907165283291122
ESIK-03730,-6.079733848571777,0.004892890631176418
ESIK-00467,-6.084168910980225,0.0048759273686236
ESIK-03561,-6.0850090980529785,0.004872720413925112
ESIK-00118,-6.097042083740234,0.004827020699827856
ESIK-00708,-6.102125644683838,0.004807842391093626
ESIK-03364,-6.108080863952637,0.004785472080484434
ESIK-01713,-6.108148097991943,0.004785220113378008
ESIK-02656,-6.108796119689941,0.004782792256132074
ESIK-02703,-6.112517833709717,0.00476887232126372
ESIK-03381,-6.1157660484313965,0.004756756321055382
ESIK-02666,-6.116313934326172,0.004754715701402041
ESIK-00489,-6.119676113128662,0.004742212216094355
ESIK-02599,-6.121212005615234,0.004736511334994728
ESIK-03438,-6.121700286865234,0.004734700376118924
ESIK-04342,-6.135777950286865,0.004682783826380762
ESIK-03519,-6.13795804977417,0.004674794733271957
ESIK-02223,-6.13854455947876,0.004672647753261099
ESIK-00074,-6.138699054718018,0.0046720823706328405
ESIK-03200,-6.140806674957275,0.00466437623162345
ESIK-04199,-6.144158363342285,0.004652147426417972
ESIK-04593,-6.147931098937988,0.004638420581276987
ESIK-00208,-6.171586990356445,0.004553264421825941
ESIK-05122,-6.1866455078125,0.0044998694509093195
ESIK-05415,-6.188592433929443,0.00449301163868852
ESIK-01554,-6.188833713531494,0.0044921624853203794
ESIK-02403,-6.194284915924072,0.0044730201823552215
ESIK-05149,-6.195936679840088,0.004467235937025377
ESIK-00396,-6.204061031341553,0.0044388938037125455
ESIK-01495,-6.209527492523193,0.00441992464797448
ESIK-02555,-6.209601879119873,0.004419667076548415
ESIK-03756,-6.212285041809082,0.0044103863271876395
ESIK-04139,-6.2170939445495605,0.004393801410837703
ESIK-04248,-6.217465877532959,0.004392521280337926
ESIK-03571,-6.219223499298096,0.004386476864799428
ESIK-01364,-6.222016334533691,0.004376889405835275
ESIK-03031,-6.234303951263428,0.004334954751869429
ESIK-04801,-6.243297576904297,0.004304515458842272
ESIK-02342,-6.246237277984619,0.0042946121435574625
ESIK-04052,-6.247682094573975,0.004289753138919736
ESIK-04829,-6.248479843139648,0.004287072608749784
ESIK-04379,-6.24949312210083,0.0042836702751736936
ESIK-00011,-6.2500739097595215,0.004281721349911976
ESIK-00290,-6.2552971839904785,0.0042642334506504
ESIK-00294,-6.26225471496582,0.0042410495480828736
ESIK-03696,-6.26271915435791,0.004239506418287255
ESIK-05338,-6.265158653259277,0.0042314102021531125
ESIK-01331,-6.266228199005127,0.004227865446971545
ESIK-00801,-6.268593788146973,0.004220035763035524
ESIK-02754,-6.274437427520752,0.004200756176769401
ESIK-00435,-6.275384902954102,0.004197638499013868
ESIK-01583,-6.27650260925293,0.0041939636369479755
ESIK-01030,-6.278349876403809,0.004187897102273811
ESIK-02372,-6.282318592071533,0.004174893142693083
ESIK-03694,-6.290597915649414,0.004147894269840488
ESIK-01356,-6.292102336883545,0.0041430070531374985
ESIK-01203,-6.2939453125,0.0041370278336523465
ESIK-02794,-6.294046401977539,0.004136700114835242
ESIK-01608,-6.299804210662842,0.004118076664160789
ESIK-03056,-6.300144672393799,0.004116978069679264
ESIK-00905,-6.30167293548584,0.004112050298087629
ESIK-03559,-6.304854869842529,0.004101809224019711
ESIK-02915,-6.307322978973389,0.004093883096133221
ESIK-04109,-6.313389778137207,0.004074464841142123
ESIK-01179,-6.31654167175293,0.004064412680117092
ESIK-04188,-6.331804275512695,0.004016084783654571
ESIK-02621,-6.33214807510376,0.0040150027847798775
ESIK-03699,-6.3321709632873535,0.0040149307618763
ESIK-01596,-6.336495876312256,0.004001344502245985
ESIK-05277,-6.342363357543945,0.0039829855995760464
ESIK-02058,-6.342814922332764,0.0039815761694543305
ESIK-03113,-6.3446526527404785,0.003975845343152334
ESIK-04420,-6.3487138748168945,0.0039632098454444025
ESIK-01551,-6.354114055633545,0.003946470435379739
ESIK-01892,-6.361015319824219,0.0039251804542195495
ESIK-01741,-6.367466926574707,0.003905381115472968
ESIK-03961,-6.3829345703125,0.0038583166781673735
ESIK-02478,-6.385127067565918,0.0038516912969772795
ESIK-05130,-6.386199474334717,0.00384845478121407
ESIK-03435,-6.398196220397949,0.0038124328354302425
ESIK-01433,-6.403146743774414,0.0037976662611410553
ESIK-02616,-6.405979633331299,0.0037892418759456824
ESIK-01804,-6.406909465789795,0.0037864808205780123
ESIK-01543,-6.410495281219482,0.0037758518132932897
ESIK-01857,-6.416378021240234,0.003758478648499556
ESIK-03169,-6.4167280197143555,0.0037574475312526917
ESIK-01863,-6.432258129119873,0.003711977435157906
ESIK-02916,-6.432367324829102,0.003711659673260884
ESIK-03884,-6.432690143585205,0.0037107204221133484
ESIK-02972,-6.437486171722412,0.00369679408993608
ESIK-04951,-6.437796592712402,0.0036958945100255404
ESIK-04375,-6.439630508422852,0.003690584389614368
ESIK-01895,-6.444522857666016,0.0036764557026632396
ESIK-03587,-6.447773456573486,0.003667098061304913
ESIK-02445,-6.448497295379639,0.003665017547438376
ESIK-04330,-6.45833683013916,0.003636852365483935
ESIK-00406,-6.461158752441406,0.0036288146189755077
ESIK-01581,-6.463698863983154,0.0036215946981224384
ESIK-03877,-6.464796543121338,0.003618479125366703
ESIK-02141,-6.466238021850586,0.0036143917926103465
ESIK-02070,-6.475588798522949,0.0035879890184879553
ESIK-01332,-6.4756317138671875,0.0035878682871791504
ESIK-05263,-6.481508255004883,0.003571374316068165
ESIK-04669,-6.487266540527344,0.00355528555034958
ESIK-02809,-6.489980697631836,0.0035477272037637594
ESIK-01483,-6.491372585296631,0.0035438573076629256
ESIK-04692,-6.492484092712402,0.003540769979887082
ESIK-03033,-6.498143672943115,0.003525091422139484
ESIK-02329,-6.498733043670654,0.003523462689316172
ESIK-01914,-6.50014591217041,0.0035195612637536127
ESIK-03395,-6.5035223960876465,0.00351025503446545
ESIK-03562,-6.508971214294434,0.0034952887450118817
ESIK-03001,-6.509303092956543,0.003494379229808951
ESIK-04443,-6.511618614196777,0.003488040091251224
ESIK-01126,-6.515640735626221,0.003477056069640119
ESIK-00615,-6.517999649047852,0.003470630149698258
ESIK-00019,-6.522500991821289,0.0034584008541146466
ESIK-00891,-6.5269012451171875,0.0034464877075861644
ESIK-01277,-6.5270795822143555,0.0034460057450091588
ESIK-00440,-6.538012981414795,0.0034165857577240963
ESIK-02607,-6.548360347747803,0.0033889732747654135
ESIK-01372,-6.5487284660339355,0.0033879950395823495
ESIK-04651,-6.549344539642334,0.00338635851904385
ESIK-04476,-6.553457260131836,0.003375453770203886
ESIK-00862,-6.554244518280029,0.0033733703741868214
ESIK-04632,-6.5615129470825195,0.0033541956759520165
ESIK-00747,-6.562517166137695,0.00335155502018376
ESIK-01198,-6.5640997886657715,0.0033473976219359426
ESIK-03538,-6.565001964569092,0.003345029992436321
ESIK-04965,-6.565217018127441,0.003344465862022379
ESIK-03672,-6.566315174102783,0.0033415866474670814
ESIK-02367,-6.572324752807617,0.0033258740499925586
ESIK-00420,-6.57281494140625,0.003324595659545902
ESIK-04516,-6.577157020568848,0.003313293068239841
ESIK-01865,-6.579293727874756,0.0033077452089072495
ESIK-01197,-6.586226940155029,0.0032898071353347153
ESIK-01282,-6.593845367431641,0.0032702080147883105
ESIK-04445,-6.594647407531738,0.0032681514742027825
ESIK-03334,-6.598592281341553,0.003258055025328776
ESIK-02164,-6.603626251220703,0.0032452162975845373
ESIK-05427,-6.60768461227417,0.003234902504994223
ESIK-01942,-6.608461856842041,0.0032329309708733676
ESIK-05045,-6.609248161315918,0.0032309376743698596
ESIK-00385,-6.612907409667969,0.0032216775151076332
ESIK-04690,-6.617483139038086,0.003210135307125238
ESIK-03330,-6.618646144866943,0.003207208218079678
ESIK-01478,-6.622708797454834,0.003197004071588077
ESIK-03030,-6.624872207641602,0.0031915834553089897
ESIK-03844,-6.63458251953125,0.003167366030097987
ESIK-00102,-6.64256477355957,0.0031475956083033573
ESIK-04955,-6.645357608795166,0.003140707412270176
ESIK-01414,-6.647373676300049,0.003135744362248652
ESIK-04167,-6.648538112640381,0.0031328813761221865
ESIK-01486,-6.650063991546631,0.003129133659498037
ESIK-02581,-6.66072940826416,0.0031030627876702404
ESIK-01759,-6.668159484863281,0.0030850285617718067
ESIK-01403,-6.6698174476623535,0.003081018647464697
ESIK-00143,-6.671608924865723,0.0030766916582803667
ESIK-00379,-6.671873569488525,0.0030760529708256878
ESIK-03823,-6.677708625793457,0.003062004312364573
ESIK-00397,-6.688953399658203,0.0030351112114252116
ESIK-02713,-6.690393924713135,0.0030316830979824536
ESIK-02306,-6.691256999969482,0.0030296310298357897
ESIK-04394,-6.704060077667236,0.002999352261818101
ESIK-02850,-6.705611228942871,0.0029957044018202954
ESIK-00608,-6.709217548370361,0.002987240466997527
ESIK-02512,-6.719956398010254,0.002962177620250787
ESIK-01952,-6.720583915710449,0.00296071958960557
ESIK-04873,-6.733424663543701,0.0029310408807593875
ESIK-01575,-6.734859943389893,0.0029277420168901357
ESIK-04402,-6.735722541809082,0.002925761191928024
ESIK-02603,-6.74050760269165,0.0029147972745958727
ESIK-05270,-6.742101669311523,0.002911153924946027
ESIK-04564,-6.752549171447754,0.0028873875807941913
ESIK-00168,-6.758972644805908,0.0028728713814468836
ESIK-01695,-6.7596435546875,0.0028713594174317315
ESIK-00934,-6.762359142303467,0.0028652476641287746
ESIK-04878,-6.763330936431885,0.0028630636787505496
ESIK-02296,-6.7663679122924805,0.0028562491503075138
ESIK-00196,-6.76695442199707,0.0028549349730463275
ESIK-01389,-6.770862579345703,0.0028461934459749036
ESIK-03771,-6.776969909667969,0.002832586355931135
ESIK-00622,-6.788279056549072,0.00280756069872832
ESIK-05254,-6.792497158050537,0.0027982831518316193
ESIK-02354,-6.796346664428711,0.0027898429991072933
ESIK-00702,-6.801729679107666,0.0027780831385115366
ESIK-00613,-6.805569171905518,0.0027697255079198978
ESIK-01693,-6.809835910797119,0.002760467278515032
ESIK-03575,-6.818792819976807,0.002741132304332461
ESIK-00159,-6.820259094238281,0.0027379799974336333
ESIK-04513,-6.839446544647217,0.002697061032718286
ESIK-03602,-6.841043472290039,0.002693683059004096
ESIK-04152,-6.845762252807617,0.0026837260789927416
ESIK-04483,-6.856514930725098,0.0026611740298138763
ESIK-04182,-6.8576555252075195,0.002658792928081621
ESIK-00344,-6.8634257316589355,0.0026467795877884795
ESIK-01906,-6.863547325134277,0.0026465270182882365
ESIK-01521,-6.867461204528809,0.002638410078464739
ESIK-03059,-6.869636535644531,0.0026339094295033246
ESIK-00049,-6.874234676361084,0.0026244212938859365
ESIK-00157,-6.878758907318115,0.002615118941632449
ESIK-04604,-6.882800579071045,0.0026068366033659483
ESIK-05091,-6.900570392608643,0.0025707313466005405
ESIK-01589,-6.9099297523498535,0.0025519156906396554
ESIK-02588,-6.911623477935791,0.0025485254049754896
ESIK-00571,-6.91232967376709,0.002547113158913925
ESIK-05051,-6.913830757141113,0.0025441138941264406
ESIK-01703,-6.914253234863281,0.00254327039086116
ESIK-05109,-6.9172892570495605,0.002537216981713586
ESIK-00793,-6.921168327331543,0.0025295035581858636
ESIK-00231,-6.922318458557129,0.0025272210530817235
ESIK-03205,-6.9241943359375,0.0025235026678862836
ESIK-04053,-6.925319194793701,0.0025212755778510156
ESIK-01011,-6.932435989379883,0.002507230520459266
ESIK-01749,-6.935029983520508,0.002502130680010615
ESIK-02454,-6.9351115226745605,0.002501970540376255
ESIK-01871,-6.936614990234375,0.002499019621744688
ESIK-02383,-6.939942836761475,0.002492500259206508
ESIK-02460,-6.940678119659424,0.002491062105295225
ESIK-01636,-6.941770076751709,0.0024889278527492876
ESIK-04526,-6.948099613189697,0.0024765925240744714
ESIK-03996,-6.956384658813477,0.002460538306759769
ESIK-02347,-6.9567437171936035,0.0024598448988973984
ESIK-02653,-6.9614105224609375,0.002450850150095911
ESIK-04185,-6.967226982116699,0.0024396854859714983
ESIK-02761,-6.967588901519775,0.002438992462629215
ESIK-04800,-6.971692085266113,0.002431149179548537
ESIK-01025,-6.975041389465332,0.002424765601037767
ESIK-03577,-6.981937885284424,0.002411673895731161
ESIK-03460,-6.983815670013428,0.0024081215028372636
ESIK-04880,-6.986054420471191,0.0024038930560659746
ESIK-02988,-6.99236536026001,0.002392013076589875
ESIK-01254,-7.00085973739624,0.0023761153220522597
ESIK-01184,-7.001163959503174,0.0023755479108359006
ESIK-03551,-7.006889820098877,0.002364893663434041
ESIK-01336,-7.007833480834961,0.0023631423524156495
ESIK-03297,-7.011291980743408,0.002356734881857579
ESIK-00884,-7.018393039703369,0.0023436332157565553
ESIK-00092,-7.03111457824707,0.00232034303023234
ESIK-01306,-7.032416820526123,0.0023179719941561695
ESIK-00500,-7.038674354553223,0.002306612363536434
ESIK-01959,-7.047524929046631,0.0022906402205998162
ESIK-02191,-7.055586814880371,0.002276187435488321
ESIK-04105,-7.065313816070557,0.0022588706070929814
ESIK-01242,-7.067551136016846,0.0022549061718060226
ESIK-00980,-7.082259178161621,0.0022290164176828266
ESIK-03022,-7.085171222686768,0.0022239257893224805
ESIK-03619,-7.093695163726807,0.002209091420078431
ESIK-02609,-7.096188545227051,0.0022047708367330244
ESIK-04939,-7.101534843444824,0.0021955350609862588
ESIK-03026,-7.101757526397705,0.00219515121284877
ESIK-01977,-7.102444171905518,0.0021939680341171285
ESIK-01040,-7.110728740692139,0.00217974270928014
ESIK-01188,-7.111515998840332,0.002178395716355391
ESIK-05290,-7.112651824951172,0.0021764537896680988
ESIK-02154,-7.115647792816162,0.0021713398538986024
ESIK-00531,-7.130931854248047,0.0021454368991293093
ESIK-01422,-7.132327079772949,0.0021430877284550685
ESIK-03037,-7.1335039138793945,0.002141108263665827
ESIK-04665,-7.135898590087891,0.0021370859891026005
ESIK-01152,-7.13682746887207,0.0021355278062599407
ESIK-00515,-7.142389297485352,0.002126221594268575
ESIK-02288,-7.142722129821777,0.0021256659746797173
ESIK-05428,-7.142722129821777,0.0021256659746797173
ESIK-04407,-7.147903919219971,0.0021170343255232623
ESIK-00757,-7.148743629455566,0.0021156388615941606
ESIK-03404,-7.155310153961182,0.0021047579567037367
ESIK-02973,-7.1608500480651855,0.0020956216473840272
ESIK-00576,-7.164252281188965,0.0020900303626611993
ESIK-00887,-7.1747612953186035,0.0020728535157073795
ESIK-01446,-7.177363395690918,0.0020686222206875837
ESIK-02242,-7.178250312805176,0.002067181968604157
ESIK-05311,-7.186185836791992,0.002054340033758558
ESIK-04231,-7.1933112144470215,0.002042876997977706
ESIK-05438,-7.193462371826172,0.002042634514439524
ESIK-00304,-7.198185443878174,0.002035072313037244
ESIK-00165,-7.208408832550049,0.002018799004585862
ESIK-00911,-7.21042013168335,0.002015612794636791
ESIK-02392,-7.210679531097412,0.002015202231239441
ESIK-00539,-7.2139892578125,0.0020099710944647582
ESIK-03746,-7.21735954284668,0.002004658169076958
ESIK-02779,-7.218648433685303,0.0020026300653158535
ESIK-00894,-7.222952365875244,0.0019958725382827427
ESIK-04995,-7.226759910583496,0.0019899133539133976
ESIK-04831,-7.227067947387695,0.0019894320229386355
ESIK-05279,-7.233757972717285,0.001979006966491473
ESIK-00170,-7.239652633666992,0.0019698665186356702
ESIK-04766,-7.249075889587402,0.001955341955333905
ESIK-01979,-7.268640518188477,0.0019255263943115369
ESIK-04130,-7.273431301116943,0.0019182948970582166
ESIK-02828,-7.276097774505615,0.0019142817096415574
ESIK-00340,-7.287646293640137,0.0018969970759676864
ESIK-05037,-7.29101037979126,0.0018919914184919097
ESIK-04461,-7.297075271606445,0.0018830003299262453
ESIK-05420,-7.3000874519348145,0.001878550691959713
ESIK-02578,-7.30372953414917,0.0018731845677104288
ESIK-00194,-7.304891109466553,0.0018714763608048324
ESIK-04713,-7.310430526733398,0.001863351484594761
ESIK-04451,-7.313092231750488,0.001859459992148561
ESIK-03406,-7.324404716491699,0.0018430111005602455
ESIK-04943,-7.329816818237305,0.001835193090564727
ESIK-05418,-7.33086633682251,0.0018336808530211894
ESIK-03764,-7.338115215301514,0.001823269948202649
ESIK-03118,-7.342861175537109,0.0018164857382876188
ESIK-03437,-7.359396457672119,0.001793045268135955
ESIK-05096,-7.365325450897217,0.0017847140552841785
ESIK-01344,-7.381500720977783,0.0017621811228662808
ESIK-02686,-7.382397651672363,0.0017609399986027695
ESIK-03762,-7.383151531219482,0.0017598974957577763
ESIK-04550,-7.399300575256348,0.001737713139122994
ESIK-01022,-7.408558368682861,0.0017251215867445453
ESIK-00948,-7.411880016326904,0.0017206260408568481
ESIK-03600,-7.413254261016846,0.0017187695483907523
ESIK-00653,-7.423735618591309,0.0017046757198988047
ESIK-01255,-7.440753936767578,0.0016820372501379064
ESIK-04424,-7.446794509887695,0.0016740742108313357
ESIK-00637,-7.448890686035156,0.001671319713073305
ESIK-02448,-7.449449062347412,0.0016705867374880207
ESIK-04366,-7.47204065322876,0.0016411985770223344
ESIK-03711,-7.530739784240723,0.0015672304628385715
ESIK-02022,-7.542428016662598,0.0015529041116194963
ESIK-02878,-7.5509467124938965,0.0015425451308968348
ESIK-03428,-7.552188396453857,0.0015410409795312532
ESIK-00915,-7.5549211502075195,0.0015377357319456024
ESIK-01157,-7.554942607879639,0.0015377098070604573
ESIK-01774,-7.563295364379883,0.001527651189862029
ESIK-03093,-7.563297748565674,0.0015276483281596552
ESIK-04192,-7.56545877456665,0.0015250566810339576
ESIK-02945,-7.56859016418457,0.0015213090963429325
ESIK-04876,-7.62052059173584,0.0014604835882295803
ESIK-05194,-7.625743389129639,0.0014545022259616056
ESIK-01788,-7.651753902435303,0.0014250762056988284
ESIK-00771,-7.656210899353027,0.0014200939454695528
ESIK-00610,-7.671412944793701,0.0014032307945610822
ESIK-04178,-7.675372123718262,0.0013988719190253683
ESIK-03797,-7.680354595184326,0.0013934056546888792
ESIK-01610,-7.683609962463379,0.0013898457208442717
ESIK-03873,-7.690356254577637,0.0013824971450784693
ESIK-01099,-7.701589584350586,0.0013703469386565797
ESIK-02940,-7.702508449554443,0.0013693578055105954
ESIK-01112,-7.707881927490234,0.001363587663945464
ESIK-00504,-7.712604522705078,0.001358536503243555
ESIK-03468,-7.715376377105713,0.00135558050902448
ESIK-03520,-7.716043949127197,0.001354869549143764
ESIK-02263,-7.718918323516846,0.0013518126099659228
ESIK-02232,-7.764338493347168,0.0013044118999657778
ESIK-04353,-7.790598392486572,0.001277768010924027
ESIK-02817,-7.799463272094727,0.0012688967765922578
ESIK-00195,-7.806902885437012,0.0012614993211892385
ESIK-01647,-7.808981418609619,0.0012594402750571504
ESIK-01484,-7.836285591125488,0.0012327017042548971
ESIK-04563,-7.854398727416992,0.0012152773511459388
ESIK-01008,-7.861231803894043,0.001208768207487298
ESIK-01819,-7.878597736358643,0.001192381809988875
ESIK-02959,-7.882011413574219,0.0011891868724018602
ESIK-03193,-7.884673595428467,0.001186701211679787
ESIK-03883,-7.8861894607543945,0.0011852881781510632
ESIK-02007,-7.916412353515625,0.0011574636738599907
ESIK-03740,-7.939541816711426,0.0011366112140509309
ESIK-02073,-7.964049816131592,0.0011149252479582498
ESIK-01278,-7.965925693511963,0.0011132825017878035
ESIK-04847,-7.973065376281738,0.001107052210495099
ESIK-01276,-7.994752407073975,0.0010883402493247027
ESIK-03932,-8.053295135498047,0.0010393910661091843
ESIK-02572,-8.068663597106934,0.0010269096387309563
ESIK-00410,-8.127634048461914,0.0009803909347238077
ESIK-01055,-8.174843788146973,0.0009446716325324078
ESIK-04772,-8.212039947509766,0.0009174468460057732
ESIK-05064,-8.236549377441406,0.000899937645465319
ESIK-02231,-8.255975723266602,0.0008862972258906564
ESIK-04706,-8.303011894226074,0.00085411972874738
ESIK-01196,-8.444353103637695,0.0007642833646416127
ESIK-01806,-8.493471145629883,0.0007353276359987527
ESIK-00164,-8.51046085357666,0.0007255692897848232
ESIK-00802,-8.58128547668457,0.0006862646708296477
ESIK-00927,-8.81927490234375,0.0005691275380497618
ESIK-01014,-8.850454330444336,0.0005553413521471929
