trial,state,fold,recall_at_10,precision_at_10,lift_at_10,captured,reviewed,positives,average_precision,roc_auc,pr_auc_trapezoid,accuracy,precision,recall,f1,confusion_matrix,seconds,train_rows,valid_rows,train_positive,weight_ratio
0,COMPLETE,0,0.7592592592592593,0.5256410256410257,7.592592592592593,82,156,108,0.6992693984062389,0.9174829099071523,0.6983121391676769,0.9532051282051283,0.6804123711340206,0.6111111111111112,0.6439024390243903,"[[1421, 31], [42, 66]]",5.34166739997454,3120,1560,218,13.311926605504587
0,COMPLETE,1,0.7798165137614679,0.5448717948717948,7.798165137614678,85,156,109,0.7283392155199342,0.9507394457476338,0.7273470603159535,0.9551282051282052,0.7532467532467533,0.5321100917431193,0.6236559139784946,"[[1432, 19], [51, 58]]",4.298080599983223,3120,1560,217,13.377880184331797
0,COMPLETE,2,0.7798165137614679,0.5448717948717948,7.798165137614678,85,156,109,0.7460984877724067,0.9364310598827762,0.7452881550753302,0.9583333333333334,0.7244897959183674,0.6513761467889908,0.6859903381642513,"[[1424, 27], [38, 71]]",4.614668900030665,3120,1560,217,13.377880184331797
1,COMPLETE,0,0.7407407407407407,0.5128205128205128,7.4074074074074066,80,156,108,0.701920328367684,0.9179739312315071,0.7009677030927537,0.9532051282051283,0.6804123711340206,0.6111111111111112,0.6439024390243903,"[[1421, 31], [42, 66]]",5.100160799920559,3120,1560,218,13.311926605504587
1,COMPLETE,1,0.7706422018348624,0.5384615384615384,7.706422018348623,84,156,109,0.7313506906918639,0.9516941811721116,0.7303609564306704,0.9557692307692308,0.7631578947368421,0.5321100917431193,0.6270270270270271,"[[1433, 18], [51, 58]]",5.978606799966656,3120,1560,217,13.377880184331797
1,COMPLETE,2,0.7981651376146789,0.5576923076923077,7.981651376146789,87,156,109,0.7484440649039462,0.9382773032201772,0.7476109615591878,0.9602564102564103,0.7473684210526316,0.6513761467889908,0.696078431372549,"[[1427, 24], [38, 71]]",5.452993900049478,3120,1560,217,13.377880184331797
2,COMPLETE,0,0.7222222222222222,0.5,7.222222222222221,78,156,108,0.6931951256415039,0.9191409039893887,0.6921856462062825,0.9467948717948718,0.6126126126126126,0.6296296296296297,0.6210045662100456,"[[1409, 43], [40, 68]]",1.526708499994129,3120,1560,218,13.311926605504587
2,COMPLETE,1,0.7431192660550459,0.5192307692307693,7.431192660550459,81,156,109,0.6815789136339886,0.9416599750883604,0.6802879880329348,0.9525641025641025,0.6804123711340206,0.6055045871559633,0.6407766990291263,"[[1420, 31], [43, 66]]",1.5095657999627292,3120,1560,217,13.377880184331797
2,COMPLETE,2,0.7339449541284404,0.5128205128205128,7.339449541284403,80,156,109,0.7136375751345376,0.9262956897805373,0.7128061308116932,0.9525641025641025,0.6548672566371682,0.6788990825688074,0.6666666666666666,"[[1412, 39], [35, 74]]",1.5667378000216559,3120,1560,217,13.377880184331797
3,COMPLETE,0,0.7314814814814815,0.5064102564102564,7.314814814814814,79,156,108,0.6969031556648001,0.9195617794102643,0.695976330036101,0.9397435897435897,0.5514705882352942,0.6944444444444444,0.6147540983606558,"[[1391, 61], [33, 75]]",6.329037499963306,3120,1560,218,13.311926605504587
3,COMPLETE,1,0.7522935779816514,0.5256410256410257,7.522935779816514,82,156,109,0.7127765915267888,0.947691879690691,0.7117809102188924,0.948076923076923,0.6147540983606558,0.6880733944954128,0.6493506493506493,"[[1404, 47], [34, 75]]",6.623917899909429,3120,1560,217,13.377880184331797
3,COMPLETE,2,0.7431192660550459,0.5192307692307693,7.431192660550459,81,156,109,0.7250016383532593,0.9364057688781543,0.7242061191050906,0.9448717948717948,0.5851851851851851,0.7247706422018348,0.6475409836065574,"[[1395, 56], [30, 79]]",6.751926800003275,3120,1560,217,13.377880184331797
4,COMPLETE,0,0.7129629629629629,0.4935897435897436,7.12962962962963,77,156,108,0.6487562145280378,0.9110677481889603,0.6473569860826585,0.9442307692307692,0.5853658536585366,0.6666666666666666,0.6233766233766234,"[[1401, 51], [36, 72]]",4.22603220003657,3120,1560,218,13.311926605504587
4,COMPLETE,1,0.7339449541284404,0.5128205128205128,7.339449541284403,80,156,109,0.6903212888276581,0.9407431761708154,0.6892355908343617,0.948076923076923,0.6428571428571429,0.5779816513761468,0.6086956521739131,"[[1416, 35], [46, 63]]",5.514521400094964,3120,1560,217,13.377880184331797
4,COMPLETE,2,0.7522935779816514,0.5256410256410257,7.522935779816514,82,156,109,0.706492081340451,0.9350463773797256,0.7055321634408798,0.948076923076923,0.6186440677966102,0.6697247706422018,0.6431718061674009,"[[1406, 45], [36, 73]]",4.538741099997424,3120,1560,217,13.377880184331797
5,COMPLETE,0,0.6759259259259259,0.46794871794871795,6.759259259259259,73,156,108,0.6510209346842009,0.9154741863075196,0.6497674685041398,0.9365384615384615,0.5343511450381679,0.6481481481481481,0.5857740585774058,"[[1391, 61], [38, 70]]",3.7025811000494286,3120,1560,218,13.311926605504587
5,COMPLETE,1,0.7064220183486238,0.4935897435897436,7.064220183486238,77,156,109,0.6721201184961718,0.9392573296492771,0.6709713162803868,0.9391025641025641,0.5538461538461539,0.6605504587155964,0.602510460251046,"[[1393, 58], [37, 72]]",3.629825499956496,3120,1560,217,13.377880184331797
5,COMPLETE,2,0.6880733944954128,0.4807692307692308,6.8807339449541285,75,156,109,0.7037702909932632,0.9307721975986192,0.7029468060447549,0.9365384615384615,0.5373134328358209,0.6605504587155964,0.5925925925925926,"[[1389, 62], [37, 72]]",3.765401699929498,3120,1560,217,13.377880184331797
6,COMPLETE,0,0.7129629629629629,0.4935897435897436,7.12962962962963,77,156,108,0.6768542138890238,0.9116671768186919,0.6758355070198304,0.9403846153846154,0.556390977443609,0.6851851851851852,0.6141078838174274,"[[1393, 59], [34, 74]]",3.9319842000259086,3120,1560,218,13.311926605504587
6,COMPLETE,1,0.7155963302752294,0.5,7.155963302752293,78,156,109,0.6897204213857457,0.9341928059737354,0.6886080174470041,0.9467948717948718,0.6065573770491803,0.6788990825688074,0.6406926406926406,"[[1403, 48], [35, 74]]",3.2636576000368223,3120,1560,217,13.377880184331797
6,COMPLETE,2,0.7339449541284404,0.5128205128205128,7.339449541284403,80,156,109,0.7054669279336865,0.9288690495008188,0.7045777324400984,0.9397435897435897,0.5547445255474452,0.6972477064220184,0.6178861788617886,"[[1390, 61], [33, 76]]",3.3035559999989346,3120,1560,217,13.377880184331797
7,COMPLETE,0,0.75,0.5192307692307693,7.5,81,156,108,0.6737716278074928,0.9063871033568002,0.6724563752880008,0.95,0.6442307692307693,0.6203703703703703,0.6320754716981132,"[[1415, 37], [41, 67]]",3.723026099964045,3120,1560,218,13.311926605504587
7,COMPLETE,1,0.7064220183486238,0.4935897435897436,7.064220183486238,77,156,109,0.662799354368925,0.9311642081702591,0.661553425721117,0.9435897435897436,0.6129032258064516,0.5229357798165137,0.5643564356435643,"[[1415, 36], [52, 57]]",3.5852592999581248,3120,1560,217,13.377880184331797
7,COMPLETE,2,0.7155963302752294,0.5,7.155963302752293,78,156,109,0.7185001255623714,0.9262324622689825,0.7177221663052378,0.9538461538461539,0.6728971962616822,0.6605504587155964,0.6666666666666666,"[[1416, 35], [37, 72]]",4.032935099909082,3120,1560,217,13.377880184331797
8,COMPLETE,0,0.6944444444444444,0.4807692307692308,6.944444444444445,75,156,108,0.6652816128622209,0.9105703499642893,0.6641372997969034,0.9416666666666667,0.5648854961832062,0.6851851851851852,0.6192468619246861,"[[1395, 57], [34, 74]]",212.4181267999811,3120,1560,218,13.311926605504587
8,COMPLETE,1,0.7339449541284404,0.5128205128205128,7.339449541284403,80,156,109,0.6781662819938067,0.9378726471462262,0.676991678636195,0.9455128205128205,0.6,0.6605504587155964,0.62882096069869,"[[1403, 48], [37, 72]]",16.97228119999636,3120,1560,217,13.377880184331797
8,COMPLETE,2,0.7155963302752294,0.5,7.155963302752293,78,156,109,0.6978206011741805,0.9244620919454474,0.6968989410933345,0.9403846153846154,0.5615384615384615,0.6697247706422018,0.6108786610878661,"[[1394, 57], [36, 73]]",7.626653400016949,3120,1560,217,13.377880184331797
9,COMPLETE,0,0.7407407407407407,0.5128205128205128,7.4074074074074066,80,156,108,0.7088508038951584,0.9202696153453729,0.7079533281754962,0.9519230769230769,0.6486486486486487,0.6666666666666666,0.6575342465753424,"[[1413, 39], [36, 72]]",20.341115699964575,3120,1560,218,13.311926605504587
9,COMPLETE,1,0.7431192660550459,0.5192307692307693,7.431192660550459,81,156,109,0.7047173739623938,0.9480016944973098,0.703594569472559,0.9525641025641025,0.6923076923076923,0.5779816513761468,0.63,"[[1423, 28], [46, 63]]",19.462523699970916,3120,1560,217,13.377880184331797
9,COMPLETE,2,0.7522935779816514,0.5256410256410257,7.522935779816514,82,156,109,0.73774785400204,0.9393964301746976,0.7369016949307252,0.9564102564102565,0.6880733944954128,0.6880733944954128,0.6880733944954128,"[[1417, 34], [34, 75]]",20.059421499958262,3120,1560,217,13.377880184331797
10,COMPLETE,0,0.6388888888888888,0.4423076923076923,6.388888888888888,69,156,108,0.5739050128984107,0.8996722273237425,0.5715681733447882,0.8730769230769231,0.32421875,0.7685185185185185,0.45604395604395603,"[[1279, 173], [25, 83]]",2.7550522999372333,3120,1560,218,13.311926605504587
10,COMPLETE,1,0.6605504587155964,0.46153846153846156,6.605504587155964,72,156,109,0.6273529386417618,0.9257203194253883,0.6260283492456354,0.8801282051282051,0.344,0.7889908256880734,0.479108635097493,"[[1287, 164], [23, 86]]",2.7584330999525264,3120,1560,217,13.377880184331797
10,COMPLETE,2,0.6513761467889908,0.4551282051282051,6.513761467889908,71,156,109,0.6486966891031768,0.9119620129110578,0.6476533908303349,0.8698717948717949,0.32061068702290074,0.7706422018348624,0.4528301886792453,"[[1273, 178], [25, 84]]",3.0466291999910027,3120,1560,217,13.377880184331797
11,COMPLETE,0,0.75,0.5192307692307693,7.5,81,156,108,0.7125950408573819,0.9197849709213346,0.7116863484428992,0.9551282051282052,0.6938775510204082,0.6296296296296297,0.6601941747572816,"[[1422, 30], [40, 68]]",3.1710620999801904,3120,1560,218,13.311926605504587
11,COMPLETE,1,0.7431192660550459,0.5192307692307693,7.431192660550459,81,156,109,0.7182787541324218,0.9484126733224161,0.7172068259152569,0.9544871794871795,0.7159090909090909,0.5779816513761468,0.6395939086294417,"[[1426, 25], [46, 63]]",3.362496000016108,3120,1560,217,13.377880184331797
11,COMPLETE,2,0.7798165137614679,0.5448717948717948,7.798165137614678,85,156,109,0.7490431028669713,0.9417295253510708,0.7483116041601142,0.9544871794871795,0.6862745098039216,0.6422018348623854,0.6635071090047393,"[[1419, 32], [39, 70]]",3.2484219999751076,3120,1560,217,13.377880184331797
12,COMPLETE,0,0.7129629629629629,0.4935897435897436,7.12962962962963,77,156,108,0.6550293413944996,0.9117500765228037,0.6537743858695736,0.9384615384615385,0.5491803278688525,0.6203703703703703,0.5826086956521739,"[[1397, 55], [41, 67]]",2.879377600038424,3120,1560,218,13.311926605504587
12,COMPLETE,1,0.7339449541284404,0.5128205128205128,7.339449541284403,80,156,109,0.6801248155668543,0.9426020650105273,0.6788272720239034,0.9461538461538461,0.6190476190476191,0.5963302752293578,0.6074766355140186,"[[1411, 40], [44, 65]]",3.0040535998996347,3120,1560,217,13.377880184331797
12,COMPLETE,2,0.7339449541284404,0.5128205128205128,7.339449541284403,80,156,109,0.7051140345795346,0.927876377569408,0.7042389938345635,0.9506410256410256,0.6333333333333333,0.6972477064220184,0.6637554585152838,"[[1407, 44], [33, 76]]",2.9162038000067696,3120,1560,217,13.377880184331797
13,COMPLETE,0,0.75,0.5192307692307693,7.5,81,156,108,0.7071819159051607,0.9176168248137946,0.7063166679128966,0.9519230769230769,0.6774193548387096,0.5833333333333334,0.6268656716417911,"[[1422, 30], [45, 63]]",4.713267499930225,3120,1560,218,13.311926605504587
13,COMPLETE,1,0.7431192660550459,0.5192307692307693,7.431192660550459,81,156,109,0.7220883873818394,0.9482925410504619,0.7211006006599077,0.9564102564102565,0.7662337662337663,0.5412844036697247,0.6344086021505376,"[[1433, 18], [50, 59]]",5.041207400034182,3120,1560,217,13.377880184331797
13,COMPLETE,2,0.7706422018348624,0.5384615384615384,7.706422018348623,84,156,109,0.7508579625646473,0.9433860861538073,0.7500537363000654,0.9628205128205128,0.7802197802197802,0.6513761467889908,0.71,"[[1431, 20], [38, 71]]",5.176448499900289,3120,1560,217,13.377880184331797
14,COMPLETE,0,0.7222222222222222,0.5,7.222222222222221,78,156,108,0.6697013434259883,0.9125790735639219,0.668553300285316,0.9442307692307692,0.5897435897435898,0.6388888888888888,0.6133333333333333,"[[1404, 48], [39, 69]]",7.098569600027986,3120,1560,218,13.311926605504587
14,COMPLETE,1,0.7431192660550459,0.5192307692307693,7.431192660550459,81,156,109,0.6963387249149937,0.9407558216731264,0.6951919138929649,0.9512820512820512,0.6813186813186813,0.5688073394495413,0.62,"[[1422, 29], [47, 62]]",5.884161599911749,3120,1560,217,13.377880184331797
14,COMPLETE,2,0.7522935779816514,0.5256410256410257,7.522935779816514,82,156,109,0.7134035594021284,0.9361022768226911,0.7124123533967882,0.9551282051282052,0.6788990825688074,0.6788990825688074,0.6788990825688074,"[[1416, 35], [35, 74]]",5.614245899952948,3120,1560,217,13.377880184331797
15,COMPLETE,0,0.7407407407407407,0.5128205128205128,7.4074074074074066,80,156,108,0.6934709912495565,0.912706611570248,0.6925256338420502,0.9532051282051283,0.6804123711340206,0.6111111111111112,0.6439024390243903,"[[1421, 31], [42, 66]]",5.427393899997696,3120,1560,218,13.311926605504587
15,COMPLETE,1,0.7614678899082569,0.532051282051282,7.614678899082569,83,156,109,0.7180446764139832,0.9494748955165372,0.7170505268075733,0.9493589743589743,0.6973684210526315,0.48623853211009177,0.572972972972973,"[[1428, 23], [56, 53]]",6.976847399957478,3120,1560,217,13.377880184331797
15,COMPLETE,2,0.7889908256880734,0.5512820512820513,7.889908256880735,86,156,109,0.744033078656524,0.9417801073603146,0.7431579756116855,0.9615384615384616,0.7752808988764045,0.6330275229357798,0.696969696969697,"[[1431, 20], [40, 69]]",6.1997098999563605,3120,1560,217,13.377880184331797
16,COMPLETE,0,0.7407407407407407,0.5128205128205128,7.4074074074074066,80,156,108,0.6802552569878015,0.9122155902458933,0.6792804585058086,0.9487179487179487,0.64,0.5925925925925926,0.6153846153846154,"[[1416, 36], [44, 64]]",2.5947319000260904,3120,1560,218,13.311926605504587
16,COMPLETE,1,0.7614678899082569,0.532051282051282,7.614678899082569,83,156,109,0.706013222933235,0.9449920649472999,0.7048700046853641,0.9532051282051283,0.725,0.5321100917431193,0.6137566137566137,"[[1429, 22], [51, 58]]",2.7641740000108257,3120,1560,217,13.377880184331797
16,COMPLETE,2,0.7798165137614679,0.5448717948717948,7.798165137614678,85,156,109,0.7288436336461664,0.9362287318458008,0.727986316653562,0.9564102564102565,0.7070707070707071,0.6422018348623854,0.6730769230769231,"[[1422, 29], [39, 70]]",2.7620482000056654,3120,1560,217,13.377880184331797
17,COMPLETE,0,0.7037037037037037,0.48717948717948717,7.037037037037036,76,156,108,0.6524130260688075,0.9094480155086215,0.6510489677553809,0.9307692307692308,0.5,0.6851851851851852,0.578125,"[[1378, 74], [34, 74]]",2.687075699912384,3120,1560,218,13.311926605504587
17,COMPLETE,1,0.6972477064220184,0.48717948717948717,6.972477064220183,76,156,109,0.6491021066455565,0.927484366997768,0.6476912385418638,0.9320512820512821,0.5109489051094891,0.6422018348623854,0.5691056910569106,"[[1384, 67], [39, 70]]",2.9281071999575943,3120,1560,217,13.377880184331797
17,COMPLETE,2,0.7431192660550459,0.5192307692307693,7.431192660550459,81,156,109,0.7015176896388094,0.9225905576034245,0.7006790982157871,0.9358974358974359,0.5298013245033113,0.7339449541284404,0.6153846153846154,"[[1380, 71], [29, 80]]",2.343203500029631,3120,1560,217,13.377880184331797
18,COMPLETE,0,0.7407407407407407,0.5128205128205128,7.4074074074074066,80,156,108,0.6953780784018704,0.916067238036935,0.6944221116555515,0.9532051282051283,0.7011494252873564,0.5648148148148148,0.6256410256410256,"[[1426, 26], [47, 61]]",3.2637466000160202,3120,1560,218,13.311926605504587
18,COMPLETE,1,0.7614678899082569,0.532051282051282,7.614678899082569,83,156,109,0.7221843978728626,0.9489943664287205,0.7211672933195946,0.9570512820512821,0.828125,0.48623853211009177,0.6127167630057804,"[[1440, 11], [56, 53]]",3.047133699990809,3120,1560,217,13.377880184331797
18,COMPLETE,2,0.7706422018348624,0.5384615384615384,7.706422018348623,84,156,109,0.7359807335033506,0.9370127529890806,0.7350055460765867,0.9583333333333334,0.7558139534883721,0.5963302752293578,0.6666666666666666,"[[1430, 21], [44, 65]]",5.12309880007524,3120,1560,217,13.377880184331797
19,COMPLETE,0,0.7314814814814815,0.5064102564102564,7.314814814814814,79,156,108,0.6792740461292073,0.9124387817569635,0.6782378198588698,0.9487179487179487,0.6372549019607843,0.6018518518518519,0.6190476190476191,"[[1415, 37], [43, 65]]",7.960973300039768,3120,1560,218,13.311926605504587
19,COMPLETE,1,0.7614678899082569,0.532051282051282,7.614678899082569,83,156,109,0.7169619852437285,0.9485517738478366,0.7159623907756592,0.9570512820512821,0.7763157894736842,0.5412844036697247,0.6378378378378379,"[[1434, 17], [50, 59]]",7.776283300016075,3120,1560,217,13.377880184331797
19,COMPLETE,2,0.7522935779816514,0.5256410256410257,7.522935779816514,82,156,109,0.7383883723608922,0.9402816153364653,0.7375042234035809,0.9608974358974359,0.75,0.6605504587155964,0.7024390243902439,"[[1427, 24], [37, 72]]",8.54833299992606,3120,1560,217,13.377880184331797
20,COMPLETE,0,0.7314814814814815,0.5064102564102564,7.314814814814814,79,156,108,0.696325970358119,0.91803770023467,0.6952974796504762,0.95,0.6339285714285714,0.6574074074074074,0.6454545454545455,"[[1411, 41], [37, 71]]",5.423686600057408,3120,1560,218,13.311926605504587
20,COMPLETE,1,0.7431192660550459,0.5192307692307693,7.431192660550459,81,156,109,0.7068395625243122,0.9484126733224161,0.7057848808930223,0.95,0.6666666666666666,0.5688073394495413,0.6138613861386139,"[[1420, 31], [47, 62]]",5.355756199918687,3120,1560,217,13.377880184331797
20,COMPLETE,2,0.7614678899082569,0.532051282051282,7.614678899082569,83,156,109,0.7340222860121531,0.937019075740236,0.7332504782232354,0.9538461538461539,0.6697247706422018,0.6697247706422018,0.6697247706422018,"[[1415, 36], [36, 73]]",5.558682599919848,3120,1560,217,13.377880184331797
21,COMPLETE,0,0.75,0.5192307692307693,7.5,81,156,108,0.6941442266793642,0.9139947454341393,0.6931984105005711,0.9532051282051283,0.6923076923076923,0.5833333333333334,0.6331658291457286,"[[1424, 28], [45, 63]]",8.533030899940059,3120,1560,218,13.311926605504587
21,COMPLETE,1,0.7706422018348624,0.5384615384615384,7.706422018348623,84,156,109,0.7306187746921825,0.9521936785133948,0.7296777203617714,0.9544871794871795,0.75,0.5229357798165137,0.6162162162162163,"[[1432, 19], [52, 57]]",9.02377470000647,3120,1560,217,13.377880184331797
21,COMPLETE,2,0.7706422018348624,0.5384615384615384,7.706422018348623,84,156,109,0.738992409029238,0.9388842873311035,0.738103535166926,0.9583333333333334,0.7340425531914894,0.6330275229357798,0.6798029556650246,"[[1426, 25], [40, 69]]",11.353792700101621,3120,1560,217,13.377880184331797
22,COMPLETE,0,0.75,0.5192307692307693,7.5,81,156,108,0.7050166190527465,0.9190771349862259,0.7041448021189595,0.9506410256410256,0.6448598130841121,0.6388888888888888,0.641860465116279,"[[1414, 38], [39, 69]]",6.0224537999602035,3120,1560,218,13.311926605504587
22,COMPLETE,1,0.7798165137614679,0.5448717948717948,7.798165137614678,85,156,109,0.7244514593792519,0.9483810595666387,0.7234553361738756,0.9544871794871795,0.7159090909090909,0.5779816513761468,0.6395939086294417,"[[1426, 25], [46, 63]]",5.469740599975921,3120,1560,217,13.377880184331797
22,COMPLETE,2,0.7798165137614679,0.5448717948717948,7.798165137614678,85,156,109,0.7388270936945734,0.9367345519382394,0.738004778920149,0.9576923076923077,0.7047619047619048,0.6788990825688074,0.6915887850467289,"[[1420, 31], [35, 74]]",5.160141399945132,3120,1560,217,13.377880184331797
23,COMPLETE,0,0.7037037037037037,0.48717948717948717,7.037037037037036,76,156,108,0.6500866251307744,0.9133251709009285,0.6488320119228445,0.9384615384615385,0.5441176470588235,0.6851851851851852,0.6065573770491803,"[[1390, 62], [34, 74]]",4.7772103999741375,3120,1560,218,13.311926605504587
23,COMPLETE,1,0.7431192660550459,0.5192307692307693,7.431192660550459,81,156,109,0.6677994468788909,0.9416789433418269,0.6664663176913115,0.9435897435897436,0.5826771653543307,0.6788990825688074,0.6271186440677966,"[[1398, 53], [35, 74]]",4.935669700033031,3120,1560,217,13.377880184331797
23,COMPLETE,2,0.7155963302752294,0.5,7.155963302752293,78,156,109,0.6876237023291626,0.9228308221473328,0.6867059321457355,0.9391025641025641,0.5522388059701493,0.6788990825688074,0.6090534979423868,"[[1391, 60], [35, 74]]",732.0577819999307,3120,1560,217,13.377880184331797
24,COMPLETE,0,0.7407407407407407,0.5128205128205128,7.4074074074074066,80,156,108,0.7005472603833256,0.9165391286603408,0.6996584291291954,0.95,0.6470588235294118,0.6111111111111112,0.6285714285714286,"[[1416, 36], [42, 66]]",6.584708999958821,3120,1560,218,13.311926605504587
24,COMPLETE,1,0.7614678899082569,0.532051282051282,7.614678899082569,83,156,109,0.7188701977946031,0.949917488097421,0.7178896172962157,0.9512820512820512,0.7088607594936709,0.5137614678899083,0.5957446808510638,"[[1428, 23], [53, 56]]",6.812147099990398,3120,1560,217,13.377880184331797
24,COMPLETE,2,0.7798165137614679,0.5448717948717948,7.798165137614678,85,156,109,0.7431189332542103,0.9366207424174408,0.742317941631059,0.9583333333333334,0.72,0.6605504587155964,0.6889952153110048,"[[1423, 28], [37, 72]]",6.9556707999436185,3120,1560,217,13.377880184331797
25,COMPLETE,0,0.75,0.5192307692307693,7.5,81,156,108,0.7108762659441635,0.9203843995510662,0.7099977094669983,0.9512820512820512,0.6568627450980392,0.6203703703703703,0.638095238095238,"[[1417, 35], [41, 67]]",7.350553399999626,3120,1560,218,13.311926605504587
25,COMPLETE,1,0.7706422018348624,0.5384615384615384,7.706422018348623,84,156,109,0.7323512699458595,0.9489501071706321,0.7314416398845771,0.9570512820512821,0.7692307692307693,0.5504587155963303,0.6417112299465241,"[[1433, 18], [49, 60]]",7.429652699967846,3120,1560,217,13.377880184331797
25,COMPLETE,2,0.7522935779816514,0.5256410256410257,7.522935779816514,82,156,109,0.7427413422131446,0.9340916419552476,0.7419546665390842,0.9608974358974359,0.7448979591836735,0.6697247706422018,0.7053140096618358,"[[1426, 25], [36, 73]]",7.357248599990271,3120,1560,217,13.377880184331797
26,COMPLETE,0,0.7222222222222222,0.5,7.222222222222221,78,156,108,0.6977036665770074,0.9173553719008264,0.6967389337884997,0.948076923076923,0.6153846153846154,0.6666666666666666,0.64,"[[1407, 45], [36, 72]]",3.95633940002881,3120,1560,218,13.311926605504587
26,COMPLETE,1,0.7522935779816514,0.5256410256410257,7.522935779816514,82,156,109,0.7106984188043024,0.9438982289974014,0.7096567565388683,0.9506410256410256,0.6666666666666666,0.5871559633027523,0.624390243902439,"[[1419, 32], [45, 64]]",3.7625973999965936,3120,1560,217,13.377880184331797
26,COMPLETE,2,0.7706422018348624,0.5384615384615384,7.706422018348623,84,156,109,0.7325552702893562,0.9375248958326747,0.7316932194882017,0.9538461538461539,0.6608695652173913,0.6972477064220184,0.6785714285714286,"[[1412, 39], [33, 76]]",3.694796200026758,3120,1560,217,13.377880184331797
27,COMPLETE,0,0.7314814814814815,0.5064102564102564,7.314814814814814,79,156,108,0.6962344445531636,0.918452198755229,0.6952540942721517,0.948076923076923,0.6261682242990654,0.6203703703703703,0.6232558139534884,"[[1412, 40], [41, 67]]",5.099790400010534,3120,1560,218,13.311926605504587
27,COMPLETE,1,0.7522935779816514,0.5256410256410257,7.522935779816514,82,156,109,0.7292687377944349,0.9496582553000461,0.728334550701214,0.9506410256410256,0.6904761904761905,0.5321100917431193,0.6010362694300518,"[[1425, 26], [51, 58]]",5.343047100002877,3120,1560,217,13.377880184331797
27,COMPLETE,2,0.7706422018348624,0.5384615384615384,7.706422018348623,84,156,109,0.7388771688332177,0.9403764566037975,0.7380047433182519,0.9576923076923077,0.7087378640776699,0.6697247706422018,0.6886792452830188,"[[1421, 30], [36, 73]]",5.397837099968456,3120,1560,217,13.377880184331797
28,COMPLETE,0,0.7314814814814815,0.5064102564102564,7.314814814814814,79,156,108,0.7086195205328131,0.9156144781144783,0.7077928953719077,0.9506410256410256,0.6534653465346535,0.6111111111111112,0.631578947368421,"[[1417, 35], [42, 66]]",6.399934399989434,3120,1560,218,13.311926605504587
28,COMPLETE,1,0.7614678899082569,0.532051282051282,7.614678899082569,83,156,109,0.718423987195456,0.9507520912499448,0.7173739041114737,0.9512820512820512,0.6941176470588235,0.5412844036697247,0.6082474226804123,"[[1425, 26], [50, 59]]",6.6128254000796005,3120,1560,217,13.377880184331797
28,COMPLETE,2,0.7706422018348624,0.5384615384615384,7.706422018348623,84,156,109,0.7490906668750807,0.9350400546285701,0.7483235552004142,0.9602564102564103,0.7281553398058253,0.6880733944954128,0.7075471698113207,"[[1423, 28], [34, 75]]",6.814277500030585,3120,1560,217,13.377880184331797
29,COMPLETE,0,0.7314814814814815,0.5064102564102564,7.314814814814814,79,156,108,0.6949557559685116,0.9168771043771043,0.6939869323842238,0.9435897435897436,0.5819672131147541,0.6574074074074074,0.6173913043478261,"[[1401, 51], [37, 71]]",2.7922046000603586,3120,1560,218,13.311926605504587
29,COMPLETE,1,0.7889908256880734,0.5512820512820513,7.889908256880735,86,156,109,0.7255986397752081,0.947116509335542,0.7246239940661455,0.9538461538461539,0.6796116504854369,0.6422018348623854,0.660377358490566,"[[1418, 33], [39, 70]]",2.9218683999497443,3120,1560,217,13.377880184331797
29,COMPLETE,2,0.7614678899082569,0.532051282051282,7.614678899082569,83,156,109,0.7455782650260747,0.940907567700858,0.7448208699033425,0.9538461538461539,0.6504065040650406,0.7339449541284404,0.6896551724137931,"[[1408, 43], [29, 80]]",2.8295236999401823,3120,1560,217,13.377880184331797
30,COMPLETE,0,0.7222222222222222,0.5,7.222222222222221,78,156,108,0.7009367504283253,0.914594174063871,0.7000694653210539,0.9487179487179487,0.6228070175438597,0.6574074074074074,0.6396396396396397,"[[1409, 43], [37, 71]]",2.9104761999333277,3120,1560,218,13.311926605504587
30,COMPLETE,1,0.7339449541284404,0.5128205128205128,7.339449541284403,80,156,109,0.7056087080647114,0.9446885728918367,0.7045282841826642,0.9519230769230769,0.6666666666666666,0.6238532110091743,0.6445497630331753,"[[1417, 34], [41, 68]]",2.9502083000261337,3120,1560,217,13.377880184331797
30,COMPLETE,2,0.7614678899082569,0.532051282051282,7.614678899082569,83,156,109,0.7182745834559112,0.9301399224830709,0.7174124713824247,0.948076923076923,0.6186440677966102,0.6697247706422018,0.6431718061674009,"[[1406, 45], [36, 73]]",2.917072799988091,3120,1560,217,13.377880184331797
31,COMPLETE,0,0.7314814814814815,0.5064102564102564,7.314814814814814,79,156,108,0.6915828554593584,0.9147408427711459,0.6905948399417482,0.9525641025641025,0.673469387755102,0.6111111111111112,0.6407766990291263,"[[1420, 32], [42, 66]]",3.356004500063136,3120,1560,218,13.311926605504587
31,COMPLETE,1,0.7522935779816514,0.5256410256410257,7.522935779816514,82,156,109,0.720293905144885,0.9490386256868089,0.7193110704441117,0.9551282051282052,0.76,0.5229357798165137,0.6195652173913043,"[[1433, 18], [52, 57]]",3.1759882000042126,3120,1560,217,13.377880184331797
31,COMPLETE,2,0.7798165137614679,0.5448717948717948,7.798165137614678,85,156,109,0.7357951073724358,0.9374427000676534,0.7349159003388154,0.958974358974359,0.7368421052631579,0.6422018348623854,0.6862745098039216,"[[1426, 25], [39, 70]]",3.3798432999756187,3120,1560,217,13.377880184331797
32,COMPLETE,0,0.7592592592592593,0.5256410256410257,7.592592592592593,82,156,108,0.6953505530302372,0.9124068972553823,0.694383074361123,0.9512820512820512,0.6739130434782609,0.5740740740740741,0.62,"[[1422, 30], [46, 62]]",8.56890700000804,3120,1560,218,13.311926605504587
32,COMPLETE,1,0.7706422018348624,0.5384615384615384,7.706422018348623,84,156,109,0.7294666207410639,0.9511124880658072,0.7284729071398915,0.9557692307692308,0.7702702702702703,0.5229357798165137,0.6229508196721312,"[[1434, 17], [52, 57]]",9.267568500014022,3120,1560,217,13.377880184331797
32,COMPLETE,2,0.7706422018348624,0.5384615384615384,7.706422018348623,84,156,109,0.7418946312690914,0.9412742872678761,0.7409952847966012,0.9615384615384616,0.7525773195876289,0.6697247706422018,0.7087378640776699,"[[1427, 24], [36, 73]]",9.009418100002222,3120,1560,217,13.377880184331797
33,COMPLETE,0,0.7037037037037037,0.48717948717948717,7.037037037037036,76,156,108,0.6477061334043621,0.9093587389041933,0.6463277911050845,0.9358974358974359,0.528169014084507,0.6944444444444444,0.6,"[[1385, 67], [33, 75]]",3.2365287999855354,3120,1560,218,13.311926605504587
33,COMPLETE,1,0.7247706422018348,0.5064102564102564,7.247706422018348,79,156,109,0.6542605322879498,0.9401994195714439,0.6527895671674369,0.9403846153846154,0.5588235294117647,0.6972477064220184,0.6204081632653061,"[[1391, 60], [33, 76]]",3.281064199982211,3120,1560,217,13.377880184331797
33,COMPLETE,2,0.7247706422018348,0.5064102564102564,7.247706422018348,79,156,109,0.6893348493607504,0.9229952136773751,0.6883851380567739,0.9371794871794872,0.5390070921985816,0.6972477064220184,0.608,"[[1386, 65], [33, 76]]",3.0570085000945255,3120,1560,217,13.377880184331797
34,COMPLETE,0,0.7314814814814815,0.5064102564102564,7.314814814814814,79,156,108,0.7046613418666648,0.9200655545352516,0.7037501569125212,0.9551282051282052,0.69,0.6388888888888888,0.6634615384615384,"[[1421, 31], [39, 69]]",6.018322400050238,3120,1560,218,13.311926605504587
34,COMPLETE,1,0.7522935779816514,0.5256410256410257,7.522935779816514,82,156,109,0.7239489098214398,0.9468952130451002,0.7229798891308346,0.9557692307692308,0.7564102564102564,0.5412844036697247,0.6310160427807486,"[[1432, 19], [50, 59]]",5.883475699927658,3120,1560,217,13.377880184331797
34,COMPLETE,2,0.7706422018348624,0.5384615384615384,7.706422018348623,84,156,109,0.7348475224474309,0.9394027529258532,0.7339493258074941,0.9583333333333334,0.7340425531914894,0.6330275229357798,0.6798029556650246,"[[1426, 25], [40, 69]]",6.18132199998945,3120,1560,217,13.377880184331797
35,COMPLETE,0,0.7129629629629629,0.4935897435897436,7.12962962962963,77,156,108,0.693320688891499,0.9158886848280787,0.6923808974965467,0.9506410256410256,0.6666666666666666,0.5740740740740741,0.6169154228855721,"[[1421, 31], [46, 62]]",3.6677533000474796,3120,1560,218,13.311926605504587
35,COMPLETE,1,0.7339449541284404,0.5128205128205128,7.339449541284403,80,156,109,0.7165602279547956,0.9502083346505732,0.7155183215029612,0.9512820512820512,0.72,0.4954128440366973,0.5869565217391305,"[[1430, 21], [55, 54]]",3.7270107000367716,3120,1560,217,13.377880184331797
35,COMPLETE,2,0.7706422018348624,0.5384615384615384,7.706422018348623,84,156,109,0.7266382296410541,0.9334593668396993,0.725666818987379,0.9583333333333334,0.7444444444444445,0.6146788990825688,0.6733668341708543,"[[1428, 23], [42, 67]]",3.7014246999751776,3120,1560,217,13.377880184331797
36,COMPLETE,0,0.7037037037037037,0.48717948717948717,7.037037037037036,76,156,108,0.6416170784073842,0.9161883991429447,0.6402411625475556,0.9275641025641026,0.4840764331210191,0.7037037037037037,0.5735849056603773,"[[1371, 81], [32, 76]]",1.6197972000809386,3120,1560,218,13.311926605504587
36,COMPLETE,1,0.7431192660550459,0.5192307692307693,7.431192660550459,81,156,109,0.6708850546062137,0.9373541815514767,0.669555592735552,0.9365384615384615,0.5333333333333333,0.7339449541284404,0.6177606177606177,"[[1381, 70], [29, 80]]",1.6025942999403924,3120,1560,217,13.377880184331797
36,COMPLETE,2,0.7155963302752294,0.5,7.155963302752293,78,156,109,0.6768633660362966,0.921275425363084,0.6758199127533114,0.9262820512820513,0.4817073170731707,0.7247706422018348,0.5787545787545788,"[[1366, 85], [30, 79]]",1.5580902999499813,3120,1560,217,13.377880184331797
37,COMPLETE,0,0.7314814814814815,0.5064102564102564,7.314814814814814,79,156,108,0.6847437966093399,0.9137906846240179,0.6837336038659341,0.9512820512820512,0.6632653061224489,0.6018518518518519,0.6310679611650486,"[[1419, 33], [43, 65]]",68.65337320009712,3120,1560,218,13.311926605504587
37,COMPLETE,1,0.7706422018348624,0.5384615384615384,7.706422018348623,84,156,109,0.7179723393717785,0.9504106626875486,0.7168678120505676,0.9532051282051283,0.7432432432432432,0.5045871559633027,0.6010928961748634,"[[1432, 19], [54, 55]]",13.77428010001313,3120,1560,217,13.377880184331797
37,COMPLETE,2,0.7706422018348624,0.5384615384615384,7.706422018348623,84,156,109,0.7250844922294044,0.9396809539766944,0.7240005577042946,0.958974358974359,0.7419354838709677,0.6330275229357798,0.6831683168316832,"[[1427, 24], [40, 69]]",12.33427849994041,3120,1560,217,13.377880184331797
38,COMPLETE,0,0.7407407407407407,0.5128205128205128,7.4074074074074066,80,156,108,0.6975040343668448,0.9129042954800531,0.6965976213461086,0.9506410256410256,0.6631578947368421,0.5833333333333334,0.6206896551724138,"[[1420, 32], [45, 63]]",6.819623199990019,3120,1560,218,13.311926605504587
38,COMPLETE,1,0.7614678899082569,0.532051282051282,7.614678899082569,83,156,109,0.7255380152640855,0.9508975145265208,0.7245338696747888,0.9557692307692308,0.7777777777777778,0.5137614678899083,0.6187845303867403,"[[1435, 16], [53, 56]]",7.0011303999926895,3120,1560,217,13.377880184331797
38,COMPLETE,2,0.7614678899082569,0.532051282051282,7.614678899082569,83,156,109,0.7391279705872821,0.940053996294868,0.7382077436564659,0.9608974358974359,0.75,0.6605504587155964,0.7024390243902439,"[[1427, 24], [37, 72]]",7.414018800016493,3120,1560,217,13.377880184331797
39,COMPLETE,0,0.75,0.5192307692307693,7.5,81,156,108,0.6983887789182945,0.9167368125701459,0.6974266463576618,0.9532051282051283,0.6881720430107527,0.5925925925925926,0.6368159203980099,"[[1423, 29], [44, 64]]",10.689396600006148,3120,1560,218,13.311926605504587
39,COMPLETE,1,0.7247706422018348,0.5064102564102564,7.247706422018348,79,156,109,0.7137472360059429,0.947666588686069,0.712745568457197,0.9551282051282052,0.7407407407407407,0.5504587155963303,0.631578947368421,"[[1430, 21], [49, 60]]",9.685500900028273,3120,1560,217,13.377880184331797
39,COMPLETE,2,0.7889908256880734,0.5512820512820513,7.889908256880735,86,156,109,0.7460913667087409,0.9377461921231166,0.7451881857077602,0.9608974358974359,0.75,0.6605504587155964,0.7024390243902439,"[[1427, 24], [37, 72]]",9.695849800016731,3120,1560,217,13.377880184331797
