COMPANY_ID,RISK_RANK,RISK_SCORE,CALIBRATED_PROBABILITY,ANALYST_REVIEW
ESIK-05585,1,0.9988789,0.9919508956194376,1
ESIK-05594,2,0.9988707,0.9919042381342276,1
ESIK-05817,3,0.99843234,0.989542209635188,1
ESIK-05810,4,0.99806684,0.9876866636975072,1
ESIK-05546,5,0.9980609,0.9876573230078176,1
ESIK-05740,6,0.9976369,0.9856044480178844,1
ESIK-05709,7,0.9969041,0.982245386338876,1
ESIK-05567,8,0.99562305,0.976790107464342,1
ESIK-05673,9,0.9955375,0.9764406725105949,1
ESIK-05691,10,0.99487644,0.973792968453774,1
ESIK-05495,11,0.99472344,0.9731920766162804,1
ESIK-05758,12,0.9944406,0.9720934006208116,1
ESIK-05797,13,0.9944114,0.9719804251720572,1
ESIK-05470,14,0.9943403,0.9717067241280544,1
ESIK-05839,15,0.9937767,0.969565827696893,1
ESIK-05733,16,0.99239385,0.9645074991232888,1
ESIK-05765,17,0.99175745,0.9622598100190716,1
ESIK-02536,18,0.988846,0.9524934140443804,1
ESIK-05556,19,0.9884643,0.9512664199727944,1
ESIK-05686,20,0.98812217,0.950176393410838,1
ESIK-05756,21,0.98765,0.9486855092773232,1
ESIK-05792,22,0.9851901,0.941155649848736,1
ESIK-05649,23,0.98275536,0.9340414420744012,1
ESIK-05492,24,0.98228204,0.9326926810062444,1
ESIK-05667,25,0.97952795,0.925041481128228,1
ESIK-05496,26,0.9795085,0.9249885429905076,1
ESIK-05543,27,0.9792594,0.9243120212349236,1
ESIK-05730,28,0.97918427,0.924108669571178,1
ESIK-05722,29,0.9785488,0.9223957962280824,1
ESIK-05721,30,0.97786283,0.9205635504280562,1
ESIK-05577,31,0.9777999,0.9203962725193088,1
ESIK-01294,32,0.9706197,0.9021577426221752,1
ESIK-05702,33,0.9626187,0.8834376590243403,1
ESIK-05754,34,0.960893,0.8795809819725292,1
ESIK-05714,35,0.9578958,0.8730168277256855,1
ESIK-05786,36,0.9511538,0.8588127069109147,1
ESIK-05651,37,0.9509156,0.8583237661812793,1
ESIK-05674,38,0.9494329,0.8553001315756423,1
ESIK-05766,39,0.93473375,0.8268855679090102,1
ESIK-05647,40,0.9321048,0.8220682123942858,1
ESIK-02513,41,0.92371637,0.8071565399375532,1
ESIK-03127,42,0.9101442,0.7843395433138999,1
ESIK-05773,43,0.8895321,0.7522408576769043,1
ESIK-01653,44,0.8873366,0.7489780039138645,1
ESIK-05540,45,0.881872,0.7409738390175801,1
ESIK-05842,46,0.8788725,0.7366489540547101,1
ESIK-05824,47,0.86392695,0.7157692802704136,1
ESIK-05671,48,0.8638771,0.7157014684916959,1
ESIK-00182,49,0.8546524,0.7033271310442575,1
ESIK-05746,50,0.8439078,0.6893570835555993,1
ESIK-05316,51,0.8376708,0.6814508296248398,1
ESIK-04333,52,0.81333625,0.6518840700299428,1
ESIK-03928,53,0.8072525,0.6447830005519559,1
ESIK-04872,54,0.7860394,0.6208289398115524,1
ESIK-05147,55,0.7748217,0.6086272893251155,1
ESIK-05579,56,0.768892,0.6022972989624893,1
ESIK-05488,57,0.76348287,0.5965921255537161,1
ESIK-05467,58,0.76256424,0.5956296126738388,1
ESIK-04197,59,0.7023801,0.5361408041056085,1
ESIK-02300,60,0.6904284,0.5250609836470317,1
ESIK-05648,61,0.6670499,0.5039828064846258,1
ESIK-01125,62,0.6446281,0.4844404179910945,1
ESIK-02078,63,0.6425788,0.4826847421380067,1
ESIK-05514,64,0.63574857,0.4768680423914985,1
ESIK-05454,65,0.6295186,0.4716085386967861,1
ESIK-05820,66,0.6243086,0.4672427765764451,1
ESIK-05458,67,0.59385926,0.4422860470971432,1
ESIK-05464,68,0.58076227,0.4318239573112946,1
ESIK-05783,69,0.5677418,0.4215718980647216,1
ESIK-02660,70,0.5614001,0.4166297937012688,1
ESIK-02980,71,0.54674304,0.4053291268434755,1
ESIK-00424,72,0.5399301,0.40013181289569,1
ESIK-05541,73,0.5308211,0.3932353221332021,1
ESIK-05477,74,0.53061336,0.3930787063911538,1
ESIK-05809,75,0.489747,0.3628196541499897,1
ESIK-05735,76,0.4875457,0.3612185258365194,1
ESIK-02183,77,0.48680896,0.3606832337453106,1
ESIK-03983,78,0.47606012,0.3529079407440347,1
ESIK-04066,79,0.47118196,0.3493996980766706,1
ESIK-00239,80,0.46663833,0.3461431086531408,1
ESIK-00674,81,0.45888877,0.3406125657318876,1
ESIK-03277,82,0.45141962,0.3353096481208485,1
ESIK-05542,83,0.4434447,0.3296761410006948,1
ESIK-00053,84,0.43229005,0.3218433672062562,1
ESIK-03369,85,0.43037775,0.3205058238791533,1
ESIK-05799,86,0.41674042,0.3110095399300895,1
ESIK-01050,87,0.40889287,0.3055768224213229,1
ESIK-00760,88,0.40361026,0.3019321338789093,1
ESIK-05621,89,0.40274903,0.3013388380602432,1
ESIK-03623,90,0.39535645,0.2962563378302429,1
ESIK-05487,91,0.38053823,0.2861202358013007,1
ESIK-02800,92,0.3780418,0.284418959284038,1
ESIK-05596,93,0.34815252,0.2641721227941165,1
ESIK-03080,94,0.34323335,0.2608588884669806,1
ESIK-05640,95,0.3332489,0.2541476171678908,1
ESIK-04136,96,0.32335672,0.2475142541561826,1
ESIK-01377,97,0.31702933,0.2432783971943632,1
ESIK-04717,98,0.3053732,0.235487031690356,1
ESIK-01891,99,0.30499795,0.2352364422299668,1
ESIK-03525,100,0.30498648,0.2352287722292995,1
ESIK-00818,101,0.30227625,0.233419074223608,1
ESIK-03549,102,0.30158532,0.2329578212270868,1
ESIK-05572,103,0.28931883,0.2247737518096937,1
ESIK-03676,104,0.28423244,0.221382169117224,1
ESIK-03359,105,0.27910283,0.2179623792519688,1
ESIK-05299,106,0.26946723,0.2115386804657776,1
ESIK-05166,107,0.267688,0.2103523764045201,1
ESIK-00448,108,0.257397,0.2034883875423733,1
ESIK-03009,109,0.2506047,0.1989544660540982,1
ESIK-01688,110,0.2430374,0.1938983466206906,1
ESIK-03439,111,0.23524381,0.1886839936031197,1
ESIK-04473,112,0.22882771,0.1843846576291052,1
ESIK-05551,113,0.22846873,0.1841439108433117,1
ESIK-00873,114,0.2172529,0.1766096596873785,1
ESIK-03323,115,0.21534218,0.1753235069543331,1
ESIK-00700,116,0.20648776,0.1693517471987207,1
ESIK-05597,117,0.20226178,0.1664942103035247,1
ESIK-00745,118,0.20049886,0.1653006124321161,0
ESIK-05063,119,0.1982939,0.1638063689299287,0
ESIK-05157,120,0.18594272,0.1554062249591805,0
ESIK-02848,121,0.18440963,0.1543596591278639,0
ESIK-00821,122,0.18374817,0.1539078263791974,0
ESIK-03137,123,0.18199947,0.1527124927588972,0
ESIK-02563,124,0.17921938,0.1508095012996855,0
ESIK-05511,125,0.17390521,0.147162620840441,0
ESIK-03144,126,0.1738562,0.1471289288352691,0
ESIK-01598,127,0.16055912,0.1379436602113737,0
ESIK-05106,128,0.15237549,0.1322423395239089,0
ESIK-04259,129,0.15210474,0.1320530165820207,0
ESIK-03466,130,0.14492074,0.1270121507035736,0
ESIK-05764,131,0.13634908,0.1209499973814355,0
ESIK-05768,132,0.13482438,0.1198657897024932,0
ESIK-02407,133,0.12674028,0.1140849830062338,0
ESIK-00089,134,0.12602066,0.1135676332366934,0
ESIK-05641,135,0.12538637,0.1131112448829745,0
ESIK-03507,136,0.124225825,0.112275211713454,0
ESIK-03102,137,0.123149976,0.1114990741701419,0
ESIK-01322,138,0.122927934,0.1113387563994583,0
ESIK-04771,139,0.12272488,0.1111921007617367,0
ESIK-04613,140,0.12257052,0.1110805943653506,0
ESIK-03347,141,0.118905686,0.1084262565337663,0
ESIK-03630,142,0.117943846,0.1077274082204124,0
ESIK-01689,143,0.117371805,0.107311318338152,0
ESIK-03734,144,0.11554881,0.1059830699363617,0
ESIK-01504,145,0.110426016,0.1022313306434478,0
ESIK-05287,146,0.11019187,0.1020591467000637,0
ESIK-04695,147,0.10868287,0.10094796774846,0
ESIK-03321,148,0.10643958,0.0992911187386231,0
ESIK-00551,149,0.10567415,0.0987243847764383,0
ESIK-01833,150,0.102847934,0.0966255386819079,0
ESIK-03906,151,0.10219817,0.0961415655564743,0
ESIK-03378,152,0.09724929,0.0924369927450233,0
ESIK-03376,153,0.09436764,0.0902641850264392,0
ESIK-04621,154,0.0938441,0.0898681372359572,0
ESIK-00804,155,0.09016246,0.0870713214830561,0
ESIK-03064,156,0.08905656,0.0862270873779033,0
ESIK-04753,157,0.08792019,0.0853575454597527,0
ESIK-01206,158,0.08697582,0.0846333132595198,0
ESIK-01063,159,0.08675231,0.0844616877621665,0
ESIK-00012,160,0.08610522,0.0839643319472235,0
ESIK-03916,161,0.08021592,0.0794042716968853,0
ESIK-02438,162,0.079772756,0.0790585762138929,0
ESIK-03585,163,0.07626328,0.0763076335306905,0
ESIK-00098,164,0.07334808,0.0740036709844577,0
ESIK-01359,165,0.07241564,0.0732629629679718,0
ESIK-05518,166,0.0720741,0.0729911763830718,0
ESIK-02836,167,0.07118761,0.0722845425798734,0
ESIK-04145,168,0.0682104,0.0698983898410423,0
ESIK-03978,169,0.06757981,0.0693903457892472,0
ESIK-00839,170,0.06722114,0.0691009523090499,0
ESIK-00478,171,0.065485634,0.0676962269562691,0
ESIK-05271,172,0.06544253,0.0676612453352383,0
ESIK-01779,173,0.065216355,0.067477604053445,0
ESIK-05079,174,0.06444881,0.0668534395976674,0
ESIK-01677,175,0.0641936,0.0666455710099232,0
ESIK-03284,176,0.062431052,0.0652053546269012,0
ESIK-05619,177,0.061828908,0.0647114445515962,0
ESIK-02114,178,0.06116347,0.0641644753769581,0
ESIK-02826,179,0.06032595,0.0634743274654513,0
ESIK-01855,180,0.059783403,0.0630261967377895,0
ESIK-03422,181,0.059272476,0.0626034309659561,0
ESIK-00835,182,0.059042584,0.0624129651931128,0
ESIK-03250,183,0.058856282,0.0622584979029212,0
ESIK-00962,184,0.058097113,0.0616280125790212,0
ESIK-02437,185,0.057724312,0.0613177812898974,0
ESIK-02319,186,0.057623167,0.0612335411281262,0
ESIK-03083,187,0.057106446,0.0608027103556346,0
ESIK-04787,188,0.056794662,0.0605423623235842,0
ESIK-04779,189,0.056583874,0.0603661805749822,0
ESIK-02724,190,0.05578466,0.0596969429924284,0
ESIK-01826,191,0.054650985,0.0587442166303695,0
ESIK-01454,192,0.05396371,0.0581646446808745,0
ESIK-01678,193,0.052899424,0.0572640975221854,0
ESIK-05566,194,0.052580353,0.0569933832234774,0
ESIK-04734,195,0.05217704,0.0566507052356441,0
ESIK-02845,196,0.051844273,0.0563675469663586,0
ESIK-01602,197,0.051060818,0.0556993893376845,0
ESIK-03052,198,0.050660543,0.0553571962725946,0
ESIK-01385,199,0.049888276,0.0546953733003118,0
ESIK-01287,200,0.049824227,0.0546403887228462,0
ESIK-01604,201,0.048989158,0.0539221294005658,0
ESIK-01738,202,0.04894094,0.0538805775351465,0
ESIK-02423,203,0.04884649,0.0537991592785117,0
ESIK-03095,204,0.048589006,0.0535770390030309,0
ESIK-03029,205,0.047910076,0.0529901585345053,0
ESIK-03146,206,0.047522806,0.0526546123713129,0
ESIK-00309,207,0.046708457,0.0519471326842633,0
ESIK-01045,208,0.046609413,0.0518609106590362,0
ESIK-04515,209,0.04649978,0.051765420567053,0
ESIK-04481,210,0.04587199,0.0512177200819419,0
ESIK-04546,211,0.04520387,0.0506330831312846,0
ESIK-03661,212,0.04511783,0.0505576607476286,0
ESIK-02436,213,0.045012005,0.0504648561175104,0
ESIK-04061,214,0.044710107,0.0501998417657907,0
ESIK-03974,215,0.044274855,0.0498170979538419,0
ESIK-05152,216,0.044001244,0.0495760865553361,0
ESIK-02033,217,0.043490477,0.0491253159050503,0
ESIK-04687,218,0.04329685,0.0489541440713762,0
ESIK-01954,219,0.042942822,0.0486407411392203,0
ESIK-04630,220,0.041269083,0.0471515258608319,0
ESIK-00246,221,0.041260894,0.0471442098908099,0
ESIK-02327,222,0.041037574,0.0469445342561092,0
ESIK-02439,223,0.04077419,0.0467087415164505,0
ESIK-03657,224,0.040771224,0.0467060850534171,0
ESIK-02524,225,0.04071142,0.0466525019833749,0
ESIK-05007,226,0.03973766,0.0457775997896837,0
ESIK-01296,227,0.03960833,0.0456610559415191,0
ESIK-02565,228,0.039393194,0.0454670122184375,0
ESIK-04946,229,0.03829955,0.0444770297843958,0
ESIK-05727,230,0.03815441,0.0443451935063797,0
ESIK-03786,231,0.03739603,0.0436545672635115,0
ESIK-05381,232,0.037333004,0.043597041272586,0
ESIK-00131,233,0.03696854,0.0432639465441991,0
ESIK-03475,234,0.036842577,0.0431486634811616,0
ESIK-00999,235,0.036679648,0.0429994208216645,0
ESIK-01648,236,0.036432065,0.0427723596188227,0
ESIK-00085,237,0.036208987,0.0425674893883322,0
ESIK-01801,238,0.035992138,0.0423680783441674,0
ESIK-04999,239,0.03570297,0.0421017594180961,0
ESIK-03765,240,0.035500992,0.0419154634588512,0
ESIK-03143,241,0.035490207,0.0419055117825636,0
ESIK-01762,242,0.035440784,0.0418598880765322,0
ESIK-01735,243,0.033953145,0.0404800933055247,0
ESIK-00415,244,0.033845477,0.0403797296030001,0
ESIK-01791,245,0.033559497,0.0401128140607964,0
ESIK-05247,246,0.033505417,0.0400622849451637,0
ESIK-01642,247,0.03292992,0.0395234643924331,0
ESIK-03973,248,0.032900915,0.0394962528175054,0
ESIK-01439,249,0.03259001,0.0392042565540041,0
ESIK-02854,250,0.032480866,0.0391016117494006,0
ESIK-02185,251,0.032408666,0.0390336652982452,0
ESIK-02229,252,0.031872094,0.0385276902242304,0
ESIK-01889,253,0.031146128,0.0378401609320398,0
ESIK-02285,254,0.031054227,0.0377528795466105,0
ESIK-04610,255,0.030380134,0.0371109440085467,0
ESIK-03269,256,0.030291114,0.0370259421372515,0
ESIK-03039,257,0.029872656,0.0366256322268652,0
ESIK-01337,258,0.02981248,0.036567964533341,0
ESIK-04122,259,0.029684655,0.0364453861052771,0
ESIK-00864,260,0.029520754,0.0362880455443726,0
ESIK-03043,261,0.02920181,0.0359813229187147,0
ESIK-04081,262,0.029037263,0.0358227942499375,0
ESIK-00257,263,0.028733142,0.035529282830511,0
ESIK-01790,264,0.028209057,0.0350218845138333,0
ESIK-02665,265,0.028082505,0.0348990557140651,0
ESIK-01999,266,0.02762598,0.0344549517419297,0
ESIK-00234,267,0.027592395,0.0344222176079857,0
ESIK-02290,268,0.027019052,0.0338620490011328,0
ESIK-03076,269,0.026579343,0.0334306842256328,0
ESIK-03163,270,0.026026063,0.0328856840556968,0
ESIK-02552,271,0.02564254,0.0325064143749664,0
ESIK-01659,272,0.02558772,0.0324521037433627,0
ESIK-05125,273,0.025354166,0.0322204233743567,0
ESIK-03077,274,0.02503998,0.0319080208985832,0
ESIK-04103,275,0.02483976,0.0317084894512034,0
ESIK-01175,276,0.024317974,0.0311868383198888,0
ESIK-05170,277,0.024175929,0.0310444073074886,0
ESIK-00659,278,0.023298342,0.0301603185231994,0
ESIK-03129,279,0.023151029,0.0300112048805503,0
ESIK-04668,280,0.022855433,0.0297113695454988,0
ESIK-00811,281,0.022840854,0.0296965588545969,0
ESIK-04318,282,0.022685638,0.0295387539226239,0
ESIK-04571,283,0.022395125,0.0292427561263274,0
ESIK-00319,284,0.022338998,0.0291854719017317,0
ESIK-00605,285,0.021921543,0.0287584212606339,0
ESIK-00356,286,0.021825666,0.0286600879148607,0
ESIK-02708,287,0.021811439,0.0286454882405209,0
ESIK-01262,288,0.021638377,0.0284677303147117,0
ESIK-04098,289,0.021410255,0.0282329387970412,0
ESIK-03454,290,0.021159934,0.0279746668933815,0
ESIK-04870,291,0.021023259,0.0278333684793112,0
ESIK-05196,292,0.020757569,0.0275581121405241,0
ESIK-03812,293,0.020564916,0.0273580362072433,0
ESIK-00359,294,0.020320902,0.0271040317825505,0
ESIK-05033,295,0.020048326,0.0268195025410747,0
ESIK-03162,296,0.019893777,0.0266577978490877,0
ESIK-03566,297,0.019749988,0.0265071047394673,0
ESIK-00842,298,0.019716663,0.0264721441371364,0
ESIK-00166,299,0.019391695,0.0261305531256314,0
ESIK-04003,300,0.0192445,0.0259754119102727,0
ESIK-01148,301,0.018901573,0.0256129656460882,0
ESIK-00242,302,0.01881446,0.0255206626147206,0
ESIK-02179,303,0.018771244,0.025474837587102,0
ESIK-04858,304,0.018646466,0.0253423977044717,0
ESIK-03293,305,0.018352462,0.0250295651604742,0
ESIK-01742,306,0.018182809,0.0248485461009825,0
ESIK-01798,307,0.018171614,0.0248365881526591,0
ESIK-05052,308,0.018082984,0.0247418596211854,0
ESIK-03053,309,0.018034972,0.0246905023143111,0
ESIK-02704,310,0.01801586,0.0246700489885879,0
ESIK-00825,311,0.017912721,0.0245595966395054,0
ESIK-00920,312,0.017768519,0.0244049303814941,0
ESIK-04243,313,0.01770023,0.0243315923222539,0
ESIK-03869,314,0.01680776,0.0233672738948975,0
ESIK-02352,315,0.016764876,0.0233206586926826,0
ESIK-00004,316,0.016747648,0.0233019236052118,0
ESIK-02849,317,0.01670797,0.0232587599257319,0
ESIK-04929,318,0.016381253,0.0229024743775302,0
ESIK-03116,319,0.0163314,0.0228479752533688,0
ESIK-01239,320,0.016172003,0.0226734682951602,0
ESIK-02774,321,0.016159445,0.0226597030549814,0
ESIK-04701,322,0.016122453,0.0226191447997575,0
ESIK-01477,323,0.0161224,0.0226190867323918,0
ESIK-03760,324,0.016037159,0.0225255472854438,0
ESIK-01366,325,0.01599398,0.0224781237441286,0
ESIK-05164,326,0.015963975,0.0224451516253189,0
ESIK-00452,327,0.015931372,0.0224093084213617,0
ESIK-03385,328,0.015867187,0.0223386993269557,0
ESIK-03121,329,0.015748555,0.0222080304062858,0
ESIK-05121,330,0.015739828,0.0221984096530155,0
ESIK-02458,331,0.015581335,0.022023474022004,0
ESIK-00852,332,0.015519129,0.0219547059639421,0
ESIK-00095,333,0.015518925,0.0219544803649976,0
ESIK-02671,334,0.015493628,0.021926499510475,0
ESIK-02891,335,0.0153711,0.0217908202793686,0
ESIK-01941,336,0.015270499,0.0216792437254689,0
ESIK-00281,337,0.015224774,0.0216284802626431,0
ESIK-03943,338,0.015101517,0.0214914638277771,0
ESIK-01464,339,0.015079142,0.0214665664469214,0
ESIK-04025,340,0.015078569,0.0214659280194344,0
ESIK-00814,341,0.015007783,0.021387103104193,0
ESIK-00895,342,0.014879304,0.0212438260788606,0
ESIK-03014,343,0.014796721,0.0211515853273954,0
ESIK-03809,344,0.014714104,0.0210591949704964,0
ESIK-00778,345,0.014644735,0.0209815309913714,0
ESIK-02325,346,0.014618218,0.0209518231382249,0
ESIK-02888,347,0.014584799,0.0209143639447838,0
ESIK-03336,348,0.014480467,0.0207972970387908,0
ESIK-03060,349,0.014474424,0.0207905125404298,0
ESIK-05286,350,0.014257748,0.020546771824507,0
ESIK-01059,351,0.014151662,0.0204271390184617,0
ESIK-02582,352,0.0141176935,0.0203887921151485,0
ESIK-00466,353,0.014075122,0.0203407033754856,0
ESIK-03212,354,0.013903784,0.0201468343174948,0
ESIK-05510,355,0.013824576,0.0200570317169671,0
ESIK-02299,356,0.0137977395,0.0200265808781465,0
ESIK-00026,357,0.013791603,0.0200196156896955,0
ESIK-00984,358,0.01373177,0.0199516715970322,0
ESIK-02948,359,0.01362129,0.019826039572493,0
ESIK-00678,360,0.013588323,0.0197885071567255,0
ESIK-00945,361,0.013529953,0.0197220062710063,0
ESIK-02717,362,0.013416018,0.0195920175008987,0
ESIK-03859,363,0.013387394,0.0195593225198456,0
ESIK-04487,364,0.013353275,0.019520331478743,0
ESIK-04699,365,0.013295357,0.0194540912024377,0
ESIK-03955,366,0.013286391,0.0194438297140058,0
ESIK-01969,367,0.013205437,0.0193511237290174,0
ESIK-05359,368,0.013175192,0.0193164557024962,0
ESIK-04508,369,0.013112598,0.0192446533047285,0
ESIK-01144,370,0.01305595,0.0191796055020657,0
ESIK-01384,371,0.013025762,0.0191449146294043,0
ESIK-05341,372,0.012982381,0.0190950352206617,0
ESIK-01847,373,0.012755728,0.018833823303462,0
ESIK-02260,374,0.012726537,0.0188001057969321,0
ESIK-04760,375,0.012679233,0.0187454333207557,0
ESIK-00100,376,0.012583077,0.0186341609286984,0
ESIK-02241,377,0.01244053,0.0184688573967582,0
ESIK-00851,378,0.012278236,0.0182801487478901,0
ESIK-03902,379,0.012240711,0.0182364369807315,0
ESIK-02498,380,0.012183965,0.0181702817291547,0
ESIK-03416,381,0.012138882,0.0181176740224744,0
ESIK-02508,382,0.012018579,0.0179770810182474,0
ESIK-00882,383,0.011909387,0.0178492050419864,0
ESIK-02068,384,0.011738249,0.017648262002807,0
ESIK-02900,385,0.011680513,0.0175803263743609,0
ESIK-01747,386,0.011560182,0.0174384984170017,0
ESIK-02479,387,0.011549017,0.0174253232504916,0
ESIK-04944,388,0.011541589,0.0174165559409005,0
ESIK-03418,389,0.011534634,0.0174083449360751,0
ESIK-01502,390,0.011500948,0.0173685636278516,0
ESIK-03188,391,0.011499711,0.0173671035833482,0
ESIK-05180,392,0.0114718955,0.0173342333061241,0
ESIK-03285,393,0.011437841,0.0172939679151427,0
ESIK-00929,394,0.011256931,0.0170796217463184,0
ESIK-01243,395,0.011172466,0.0169792877033649,0
ESIK-04464,396,0.011134728,0.0169344034041145,0
ESIK-01802,397,0.011029522,0.0168091037196824,0
ESIK-01785,398,0.010966629,0.0167340728320391,0
ESIK-00987,399,0.010957944,0.0167237036559795,0
ESIK-01032,400,0.010934377,0.0166955597763468,0
ESIK-05772,401,0.010852686,0.0165978970192008,0
ESIK-03951,402,0.010847037,0.0165911367976763,0
ESIK-04313,403,0.010842918,0.0165862091760787,0
ESIK-05081,404,0.010579229,0.0162697923411333,0
ESIK-01947,405,0.010532107,0.0162130653311748,0
ESIK-03556,406,0.010481141,0.0161516487196192,0
ESIK-04785,407,0.010384654,0.016035195608527,0
ESIK-05209,408,0.010253329,0.0158763146623862,0
ESIK-05294,409,0.010247756,0.0158695623021989,0
ESIK-03164,410,0.010169379,0.0157745156362445,0
ESIK-00616,411,0.010137945,0.0157363506231766,0
ESIK-05309,412,0.010117367,0.0157113504190599,0
ESIK-00889,413,0.010113585,0.0157067553367884,0
ESIK-01077,414,0.010040754,0.0156181823474761,0
ESIK-00586,415,0.010039332,0.0156164517890448,0
ESIK-02626,416,0.010035272,0.0156115091999276,0
ESIK-03482,417,0.010033288,0.0156090932552417,0
ESIK-02385,418,0.010013519,0.0155850231179922,0
ESIK-05013,419,0.010003403,0.0155727026288473,0
ESIK-02719,420,0.009961514,0.0155216528793861,0
ESIK-01601,421,0.009936991,0.0154917453659235,0
ESIK-03805,422,0.009910203,0.0154590559556118,0
ESIK-05189,423,0.009878404,0.0154202293222072,0
ESIK-04270,424,0.009862728,0.0154010767667712,0
ESIK-04794,425,0.009804857,0.0153303182783702,0
ESIK-03518,426,0.009788247,0.0153099915179675,0
ESIK-01837,427,0.009777322,0.0152966189916935,0
ESIK-04552,428,0.009759399,0.015274671171991,0
ESIK-02108,429,0.009719977,0.0152263667590052,0
ESIK-05666,430,0.009713465,0.0152183850182073,0
ESIK-03446,431,0.009681383,0.0151790372699437,0
ESIK-02340,432,0.009604729,0.0150849072090506,0
ESIK-04355,433,0.009488823,0.0149422619192782,0
ESIK-01982,434,0.009452438,0.0148974045283067,0
ESIK-02140,435,0.009431481,0.0148715509464092,0
ESIK-03889,436,0.009428872,0.0148683299144441,0
ESIK-03492,437,0.009422603,0.0148605934517094,0
ESIK-02157,438,0.009400314,0.0148330754780043,0
ESIK-02356,439,0.009383987,0.0148129107416889,0
ESIK-01212,440,0.009362951,0.0147869173365975,0
ESIK-03548,441,0.009296736,0.0147050141991158,0
ESIK-04804,442,0.009246885,0.0146432684604317,0
ESIK-04112,443,0.009231303,0.0146239526909988,0
ESIK-00001,444,0.009116613,0.014481563785439,0
ESIK-01399,445,0.008957554,0.0142834360591156,0
ESIK-01369,446,0.008897446,0.0142083644809281,0
ESIK-04224,447,0.00889447,0.0142046439831519,0
ESIK-00788,448,0.008880361,0.014187005718489,0
ESIK-04741,449,0.008872059,0.014176624005161,0
ESIK-00789,450,0.008862718,0.0141649397733633,0
ESIK-01091,451,0.008818383,0.0141094478115172,0
ESIK-00256,452,0.008816274,0.0141068069611461,0
ESIK-00266,453,0.008793561,0.0140783522200704,0
ESIK-04601,454,0.008664956,0.0139169365650282,0
ESIK-05055,455,0.008660088,0.0139108153245311,0
ESIK-05139,456,0.008607137,0.0138441945085806,0
ESIK-05296,457,0.008575916,0.0138048706736673,0
ESIK-03552,458,0.008574421,0.0138029857796023,0
ESIK-01362,459,0.008522924,0.0137380536361922,0
ESIK-03477,460,0.008518964,0.0137330568849267,0
ESIK-04126,461,0.008469808,0.0136709888299611,0
ESIK-01923,462,0.008466373,0.0136666483710653,0
ESIK-00975,463,0.008458511,0.0136567129290857,0
ESIK-03820,464,0.0084577305,0.0136557273577792,0
ESIK-02011,465,0.008418154,0.0136056820153737,0
ESIK-05326,466,0.008379792,0.0135571221862384,0
ESIK-01599,467,0.008375723,0.0135519696256466,0
ESIK-03923,468,0.008373312,0.0135489151246759,0
ESIK-00138,469,0.008362169,0.0135348000189339,0
ESIK-01548,470,0.008338432,0.0135047135869385,0
ESIK-01180,471,0.008310955,0.0134698656418836,0
ESIK-05484,472,0.008303358,0.0134602257673492,0
ESIK-04852,473,0.00822837,0.0133649723658395,0
ESIK-01162,474,0.008227129,0.0133633940838465,0
ESIK-03921,475,0.00817895,0.0133020926365117,0
ESIK-02679,476,0.008140079,0.0132525751104706,0
ESIK-00222,477,0.008083863,0.0131808723176784,0
ESIK-01939,478,0.008036863,0.0131208391465851,0
ESIK-01557,479,0.007889659,0.0129323152719182,0
ESIK-02376,480,0.007871689,0.0129092487373485,0
ESIK-03909,481,0.00781955,0.0128422569311715,0
ESIK-02568,482,0.007760701,0.012766525033754,0
ESIK-03621,483,0.007758047,0.0127631062778983,0
ESIK-03313,484,0.0077493265,0.0127518728359874,0
ESIK-04756,485,0.0077436604,0.0127445718476903,0
ESIK-04281,486,0.0077071735,0.0126975310601861,0
ESIK-05631,487,0.007599822,0.0125588445495603,0
ESIK-02549,488,0.0075810184,0.0125345081434932,0
ESIK-04179,489,0.007531892,0.0124708642908924,0
ESIK-01612,490,0.007494039,0.0124217642331432,0
ESIK-05158,491,0.007469296,0.0123896389339299,0
ESIK-01764,492,0.007454841,0.0123708606692119,0
ESIK-05133,493,0.0073279347,0.0122056538141374,0
ESIK-02016,494,0.0072967485,0.0121649597596302,0
ESIK-05354,495,0.007243399,0.0120952576993345,0
ESIK-02522,496,0.0072375857,0.0120876559100999,0
ESIK-04529,497,0.0072070747,0.0120477345516288,0
ESIK-04419,498,0.007196452,0.0120338258795001,0
ESIK-01898,499,0.007172908,0.0120029853595458,0
ESIK-02758,500,0.007171981,0.012001770627562,0
ESIK-03042,501,0.007137046,0.0119559666429194,0
ESIK-04274,502,0.0071264375,0.0119420475180731,0
ESIK-04219,503,0.0071162623,0.0119286927897768,0
ESIK-00244,504,0.007099026,0.0119060615673994,0
ESIK-01353,505,0.007082227,0.01188399268602,0
ESIK-05099,506,0.007034298,0.0118209645745987,0
ESIK-02000,507,0.007030016,0.0118153292123398,0
ESIK-00753,508,0.007003152,0.0117799564346,0
ESIK-04716,509,0.0069242385,0.0116758762187028,0
ESIK-00538,510,0.0068924213,0.0116338380288983,0
ESIK-00475,511,0.0068846215,0.0116235264586228,0
ESIK-04292,512,0.006817824,0.0115351103260895,0
ESIK-05128,513,0.006792865,0.0115020256660867,0
ESIK-04653,514,0.0067241513,0.0114108018530057,0
ESIK-02730,515,0.0067163436,0.0114004234890028,0
ESIK-04230,516,0.006700819,0.0113797791725296,0
ESIK-03673,517,0.0066849333,0.0113586450899218,0
ESIK-02337,518,0.0066764723,0.011347383274234,0
ESIK-05361,519,0.0066617867,0.0113278298214629,0
ESIK-04215,520,0.006626033,0.0112801860894733,0
ESIK-03447,521,0.006593959,0.0112373965041894,0
ESIK-01329,522,0.006590296,0.0112325070886826,0
ESIK-00471,523,0.006542726,0.0111689534190141,0
ESIK-02728,524,0.0065307077,0.0111528816489155,0
ESIK-00279,525,0.006511009,0.0111265232292738,0
ESIK-04377,526,0.0065023317,0.0111149074330703,0
ESIK-02415,527,0.006492184,0.0111013179603725,0
ESIK-01553,528,0.0064655202,0.0110655907710875,0
ESIK-03942,529,0.006454001,0.0110501458228177,0
ESIK-02944,530,0.0064310273,0.0110193239375771,0
ESIK-00455,531,0.006355053,0.0109172253962332,0
ESIK-05753,532,0.0063543664,0.0109163016424899,0
ESIK-02459,533,0.0063203303,0.0108704746248916,0
ESIK-01897,534,0.006253889,0.0107808591624232,0
ESIK-04010,535,0.0062199924,0.0107350605828246,0
ESIK-00607,536,0.0062100966,0.0107216797499405,0
ESIK-03316,537,0.006207552,0.0107182376531058,0
ESIK-00573,538,0.006185971,0.0106890378168772,0
ESIK-04302,539,0.006155284,0.0106474782902038,0
ESIK-04012,540,0.006141933,0.0106293823067202,0
ESIK-02243,541,0.0061079566,0.0105832930254198,0
ESIK-03703,542,0.006100438,0.0105730861293578,0
ESIK-01541,543,0.0060805157,0.010546027568702,0
ESIK-01303,544,0.006033111,0.0104815639273453,0
ESIK-04341,545,0.0060193352,0.0104628106501146,0
ESIK-02209,546,0.006003661,0.0104414616283692,0
ESIK-03246,547,0.005992991,0.0104269212202438,0
ESIK-02706,548,0.0059793806,0.0104083651653846,0
ESIK-03811,549,0.005961187,0.0103835473387317,0
ESIK-04578,550,0.005905146,0.0103069947014417,0
ESIK-02269,551,0.005887791,0.0102832561921962,0
ESIK-04367,552,0.00588778,0.010283240916681,0
ESIK-01592,553,0.0058547575,0.010238028602146,0
ESIK-01467,554,0.0058333976,0.010208754681649,0
ESIK-04953,555,0.005801319,0.0101647461099874,0
ESIK-00930,556,0.0057997624,0.010162609499648,0
ESIK-00529,557,0.005797959,0.0101601337017506,0
ESIK-04825,558,0.0057878667,0.0101462749854108,0
ESIK-04598,559,0.0057181315,0.0100503725804623,0
ESIK-03986,560,0.005704284,0.0100312985553339,0
ESIK-00097,561,0.0056978865,0.0100224823333096,0
ESIK-04282,562,0.005643685,0.0099477074874317,0
ESIK-01266,563,0.0056389747,0.0099412017805385,0
ESIK-04535,564,0.0056316108,0.0099310286730249,0
ESIK-04384,565,0.005583445,0.0098644175591907,0
ESIK-01533,566,0.0055579445,0.0098290994735754,0
ESIK-02777,567,0.0055544847,0.0098243056906936,0
ESIK-03142,568,0.0054364824,0.0096603894811593,0
ESIK-04251,569,0.0054354635,0.0096589716029105,0
ESIK-01108,570,0.005426241,0.0096461267691033,0
ESIK-03586,571,0.005372912,0.0095717632555446,0
ESIK-01699,572,0.0052828323,0.0094457841149176,0
ESIK-04400,573,0.005249142,0.0093985472984631,0
ESIK-03290,574,0.0052135014,0.0093485033409806,0
ESIK-01293,575,0.005189275,0.0093144437054078,0
ESIK-01423,576,0.005181384,0.0093033426252184,0
ESIK-04927,577,0.0051768804,0.009297005529992,0
ESIK-02533,578,0.0051353094,0.0092384497884944,0
ESIK-03072,579,0.0050864997,0.0091695656586632,0
ESIK-04236,580,0.0050724316,0.0091496845803174,0
ESIK-04704,581,0.005056178,0.0091267000529654,0
ESIK-02641,582,0.0050385417,0.0091017420256685,0
ESIK-04793,583,0.0049796463,0.0090182579803152,0
ESIK-01480,584,0.004969611,0.0090040105670126,0
ESIK-05322,585,0.0048926044,0.0088944790750571,0
ESIK-03766,586,0.0048803156,0.0088769650160956,0
ESIK-05136,587,0.004879324,0.0088755521655812,0
ESIK-04711,588,0.004845642,0.0088274965981157,0
ESIK-03931,589,0.004789845,0.0087477291115322,0
ESIK-04022,590,0.0047860416,0.0087422841402781,0
ESIK-04169,591,0.004740727,0.008677341494058,0
ESIK-01416,592,0.004726204,0.0086564991124258,0
ESIK-04089,593,0.004693166,0.0086090331937897,0
ESIK-03488,594,0.0046620416,0.0085642495168239,0
ESIK-02064,595,0.004635466,0.0085259590172637,0
ESIK-04966,596,0.004627521,0.008514503414612,0
ESIK-05167,597,0.0046242326,0.008509759551475,0
ESIK-01173,598,0.004620663,0.0085046101399438,0
ESIK-04393,599,0.0045587937,0.0084152208975856,0
ESIK-05423,600,0.004558545,0.0084148608344818,0
ESIK-01182,601,0.0045527155,0.0084064240782593,0
ESIK-01498,602,0.004545074,0.0083953620005931,0
ESIK-02500,603,0.0045243087,0.008365281001707,0
ESIK-03071,604,0.0045181364,0.008356333838397,0
ESIK-03874,605,0.004428412,0.008225968279952,0
ESIK-02008,606,0.0043956577,0.0081782348173531,0
ESIK-00486,607,0.004383466,0.0081604489554198,0
ESIK-01280,608,0.00435956,0.0081255395916522,0
ESIK-05062,609,0.0043513966,0.0081136089372589,0
ESIK-05101,610,0.0043228404,0.0080718380907562,0
ESIK-01978,611,0.004314565,0.0080597216535636,0
ESIK-01310,612,0.004303626,0.0080436972530633,0
ESIK-02250,613,0.004287467,0.0080200109380275,0
ESIK-04807,614,0.004276367,0.0080037281990404,0
ESIK-03237,615,0.0042736833,0.007999790681877,0
ESIK-05233,616,0.0042260615,0.0079298216052822,0
ESIK-00022,617,0.004204587,0.0078982134162892,0
ESIK-03147,618,0.0041785915,0.0078599036814832,0
ESIK-02835,619,0.004146352,0.0078123200124177,0
ESIK-02080,620,0.004118649,0.0077713676391151,0
ESIK-02485,621,0.0041178023,0.0077701149105085,0
ESIK-00994,622,0.0041159643,0.0077673960506633,0
ESIK-00453,623,0.004056574,0.0076793849849505,0
ESIK-04682,624,0.00405459,0.007676440375736,0
ESIK-01934,625,0.0040347516,0.0076469761062034,0
ESIK-03417,626,0.003993721,0.0075859370982401,0
ESIK-04241,627,0.003991698,0.007582923567888,0
ESIK-01375,628,0.003921326,0.0074779027327127,0
ESIK-00080,629,0.0039116116,0.0074633738430762,0
ESIK-00662,630,0.003884864,0.0074233273058782,0
ESIK-02116,631,0.0038507166,0.0073721148716389,0
ESIK-00493,632,0.003830434,0.0073416494208193,0
ESIK-05460,633,0.0038276368,0.0073374448571963,0
ESIK-03512,634,0.0038038509,0.0073016664440614,0
ESIK-02047,635,0.0037934193,0.007285960183601,0
ESIK-01771,636,0.003774933,0.0072581026818551,0
ESIK-02877,637,0.0037747517,0.0072578296160344,0
ESIK-03345,638,0.003752544,0.0072243255579363,0
ESIK-02889,639,0.0037395267,0.0072046661651295,0
ESIK-02773,640,0.0037393048,0.0072043306839317,0
ESIK-04006,641,0.0037350669,0.0071979273098099,0
ESIK-01252,642,0.0037233022,0.0071801418532211,0
ESIK-04385,643,0.0037068636,0.0071552712377448,0
ESIK-00268,644,0.0036913778,0.0071318198254226,0
ESIK-03065,645,0.003672122,0.0071026287217138,0
ESIK-02908,646,0.003668779,0.0070975578077909,0
ESIK-01431,647,0.0036520825,0.0070722149467903,0
ESIK-03557,648,0.0036401264,0.0070540519132719,0
ESIK-03109,649,0.0036158862,0.0070171874736651,0
ESIK-00625,650,0.003596508,0.0069876785252048,0
ESIK-05406,651,0.003581097,0.0069641860605925,0
ESIK-03175,652,0.0035682365,0.0069445645577879,0
ESIK-02601,653,0.0035617894,0.0069347227212727,0
ESIK-04176,654,0.0035328467,0.0068904900339448,0
ESIK-04517,655,0.0035114717,0.0068577729306355,0
ESIK-00043,656,0.0035104556,0.0068562167589018,0
ESIK-00127,657,0.0035017508,0.0068428797711027,0
ESIK-00209,658,0.0034987323,0.0068382529547035,0
ESIK-03957,659,0.0034704283,0.0067948288986956,0
ESIK-03263,660,0.0034688062,0.0067923375866251,0
ESIK-03123,661,0.0034631914,0.0067837136216803,0
ESIK-00561,662,0.0034603241,0.0067793084457183,0
ESIK-03361,663,0.003459862,0.0067785985255606,0
ESIK-05212,664,0.003453855,0.0067693661882627,0
ESIK-01946,665,0.0034506002,0.0067643626762771,0
ESIK-01492,666,0.0034343677,0.0067393926248388,0
ESIK-04132,667,0.0034198768,0.0067170797286814,0
ESIK-04646,668,0.0034170614,0.0067127425496033,0
ESIK-04368,669,0.003392984,0.0066756166670104,0
ESIK-02932,670,0.0033865615,0.0066657037183204,0
ESIK-01552,671,0.0033859515,0.0066647621652625,0
ESIK-03354,672,0.0033823184,0.0066591528512514,0
ESIK-04146,673,0.0033744178,0.0066469497644767,0
ESIK-04477,674,0.0033628116,0.0066290116867034,0
ESIK-03160,675,0.0033492914,0.0066080987181728,0
ESIK-02613,676,0.0033472404,0.0066049244688176,0
ESIK-00015,677,0.003345855,0.0066027804301946,0
ESIK-05264,678,0.0033447437,0.0066010602838736,0
ESIK-03202,679,0.0033352075,0.0065862937368148,0
ESIK-00792,680,0.003329256,0.0065770739579239,0
ESIK-03992,681,0.003322919,0.006567252515761,0
ESIK-00285,682,0.003318664,0.0065606559191198,0
ESIK-05404,683,0.003317229,0.0065584308092588,0
ESIK-02584,684,0.0033136175,0.0065528297880879,0
ESIK-04124,685,0.003289613,0.0065155671711458,0
ESIK-04912,686,0.0032762226,0.0064947555241478,0
ESIK-02014,687,0.0032578586,0.0064661828178946,0
ESIK-00875,688,0.0032538706,0.0064599736639086,0
ESIK-04430,689,0.0032510245,0.006455541493328,0
ESIK-03074,690,0.0032505644,0.0064548243484519,0
ESIK-02365,691,0.0032470222,0.0064493064259985,0
ESIK-03729,692,0.0032460515,0.0064477942660872,0
ESIK-04408,693,0.0032369155,0.0064335554356919,0
ESIK-03249,694,0.0032025124,0.0063798582870701,0
ESIK-02404,695,0.0032001277,0.0063761320627843,0
ESIK-01317,696,0.0031597957,0.0063130101614334,0
ESIK-00502,697,0.003129778,0.0062659176918797,0
ESIK-03963,698,0.0031204892,0.006251325017045,0
ESIK-02278,699,0.0031164763,0.0062450181492434,0
ESIK-04184,700,0.003113475,0.0062402997106612,0
ESIK-02531,701,0.003084635,0.0061949104324294,0
ESIK-02331,702,0.0030726474,0.0061760170888424,0
ESIK-00633,703,0.0030508603,0.0061416374510411,0
ESIK-01426,704,0.0030494146,0.0061393543863569,0
ESIK-03227,705,0.0030399489,0.0061243991137605,0
ESIK-04447,706,0.0030291064,0.0061072566934233,0
ESIK-04401,707,0.003024282,0.0060996245938051,0
ESIK-00229,708,0.0030207958,0.0060941084429534,0
ESIK-03633,709,0.0030081302,0.0060740548172049,0
ESIK-04712,710,0.0030042701,0.0060679392808305,0
ESIK-04889,711,0.0030019174,0.0060642109270837,0
ESIK-04531,712,0.0029932726,0.0060505071123017,0
ESIK-04958,713,0.0029917106,0.006048029891753,0
ESIK-05249,714,0.0029845892,0.0060367327599437,0
ESIK-03258,715,0.0029823808,0.0060332282266328,0
ESIK-03758,716,0.002970387,0.0060141856780976,0
ESIK-03296,717,0.002966282,0.0060076639722415,0
ESIK-05042,718,0.002961771,0.0060004957525741,0
ESIK-04337,719,0.0029443898,0.0059728522979374,0
ESIK-01271,720,0.0029403584,0.0059664352302772,0
ESIK-02121,721,0.002935545,0.0059587713542094,0
ESIK-05227,722,0.002926957,0.0059450915012459,0
ESIK-02017,723,0.0029228064,0.0059384759266649,0
ESIK-03400,724,0.0029221978,0.005937505814988,0
ESIK-04173,725,0.0029142587,0.0059248468092141,0
ESIK-04459,726,0.00288083,0.0058714618419583,0
ESIK-04354,727,0.0028778936,0.0058667657348836,0
ESIK-01047,728,0.002876918,0.0058652055715112,0
ESIK-02678,729,0.002875332,0.0058626681786241,0
ESIK-02881,730,0.0028731604,0.0058591941589968,0
ESIK-01560,731,0.0028649427,0.0058460425048832,0
ESIK-03848,732,0.0028618851,0.0058411465305167,0
ESIK-05319,733,0.002847286,0.0058177563584001,0
ESIK-04409,734,0.0028397904,0.0058057366763427,0
ESIK-01641,735,0.002835044,0.005798122275154,0
ESIK-00855,736,0.0028082565,0.0057550953188969,0
ESIK-04289,737,0.002794637,0.0057331855323997,0
ESIK-00673,738,0.0027860738,0.0057193974845624,0
ESIK-04416,739,0.0027802652,0.0057100398523753,0
ESIK-02640,740,0.002765329,0.0056859581103952,0
ESIK-00558,741,0.0027628161,0.0056819034383921,0
ESIK-05102,742,0.002760694,0.0056784787189368,0
ESIK-02919,743,0.002746854,0.0056561308431909,0
ESIK-03705,744,0.0027385226,0.005642666007163,0
ESIK-02892,745,0.0027348083,0.005636660557703,0
ESIK-00272,746,0.0026982068,0.005577383206678,0
ESIK-00748,747,0.0026735577,0.0055373652939657,0
ESIK-01154,748,0.0026690708,0.0055300720223028,0
ESIK-02442,749,0.0026669952,0.0055266970629828,0
ESIK-04853,750,0.0026662303,0.005525453630715,0
ESIK-04304,751,0.002662481,0.0055193559766333,0
ESIK-05143,752,0.0026545539,0.0055064574009207,0
ESIK-03763,753,0.002639641,0.0054821697027809,0
ESIK-04123,754,0.0026333528,0.0054719196399656,0
ESIK-02545,755,0.0026316626,0.0054691636580693,0
ESIK-04921,756,0.0026181727,0.0054471532448081,0
ESIK-04279,757,0.0026146327,0.0054413730152719,0
ESIK-05140,758,0.002603922,0.0054238745804193,0
ESIK-04120,759,0.0025996654,0.0054169159541785,0
ESIK-00544,760,0.0025953837,0.0054099137136517,0
ESIK-02474,761,0.002583917,0.0053911495762243,0
ESIK-03092,762,0.0025793272,0.0053836339293741,0
ESIK-01919,763,0.0025587645,0.0053499262951186,0
ESIK-03967,764,0.0025488907,0.0053337195889209,0
ESIK-02343,765,0.002541029,0.0053208056750059,0
ESIK-04115,766,0.0025398,0.0053187864067172,0
ESIK-03217,767,0.002537653,0.0053152579928451,0
ESIK-04977,768,0.0025375169,0.0053150338247713,0
ESIK-01053,769,0.0025293615,0.0053016246801534,0
ESIK-00317,770,0.0025235994,0.0052921449249462,0
ESIK-00278,771,0.0025046996,0.005261017525525,0
ESIK-05126,772,0.0024998626,0.0052530430965077,0
ESIK-04298,773,0.0024966197,0.0052476949692163,0
ESIK-03436,774,0.0024688367,0.0052018122465315,0
ESIK-03724,775,0.0024685115,0.005201274420631,0
ESIK-01643,776,0.002466949,0.0051986909094393,0
ESIK-05116,777,0.0024535344,0.0051764936538568,0
ESIK-00395,778,0.0024392202,0.0051527785396081,0
ESIK-04841,779,0.0024290797,0.0051359598804555,0
ESIK-02569,780,0.002414046,0.0051109983214472,0
ESIK-00709,781,0.0023965335,0.0050818775497498,0
ESIK-01436,782,0.0023911474,0.0050729118153051,0
ESIK-03091,783,0.0023663999,0.005031661313393,0
ESIK-00932,784,0.002365299,0.005029824456788,0
ESIK-00543,785,0.0023604229,0.0050216849666442,0
ESIK-01213,786,0.0023569681,0.0050159157206689,0
ESIK-04413,787,0.002343158,0.004992835637379,0
ESIK-02466,788,0.0023399934,0.0049875425364049,0
ESIK-05386,789,0.0023343475,0.0049780955588517,0
ESIK-01257,790,0.0023231714,0.0049593808952132,0
ESIK-04985,791,0.0023228354,0.00495881802022,0
ESIK-01731,792,0.0023220112,0.004957437023985,0
ESIK-02931,793,0.0023176519,0.0049501311535791,0
ESIK-02925,794,0.002292051,0.0049071652832911,0
ESIK-03730,795,0.0022835592,0.0048928906311764,0
ESIK-00467,796,0.002273477,0.0048759273686236,0
ESIK-03561,797,0.002271572,0.0048727204139251,0
ESIK-00118,798,0.002244463,0.0048270206998278,0
ESIK-00708,799,0.0022331073,0.0048078423910936,0
ESIK-03364,800,0.0022198777,0.0047854720804844,0
ESIK-01713,801,0.0022197287,0.004785220113378,0
ESIK-02656,802,0.002218294,0.004782792256132,0
ESIK-02703,803,0.0022100715,0.0047688723212637,0
ESIK-03381,804,0.0022029202,0.0047567563210553,0
ESIK-02666,805,0.0022017162,0.004754715701402,0
ESIK-00489,806,0.0021943424,0.0047422122160943,0
ESIK-02599,807,0.0021909822,0.0047365113349947,0
ESIK-03438,808,0.002189915,0.0047347003761189,0
ESIK-04342,809,0.002159368,0.0046827838263807,0
ESIK-03519,810,0.0021546758,0.0046747947332719,0
ESIK-02223,811,0.002153415,0.004672647753261,0
ESIK-00074,812,0.0021530832,0.0046720823706328,0
ESIK-03200,813,0.0021485598,0.0046643762316234,0
ESIK-04199,814,0.0021413858,0.0046521474264179,0
ESIK-04593,815,0.0021333394,0.0046384205812769,0
ESIK-00208,816,0.0020835695,0.0045532644218259,0
ESIK-05122,817,0.002052493,0.0044998694509093,0
ESIK-05415,818,0.002048509,0.0044930116386885,0
ESIK-01554,819,0.0020480158,0.0044921624853203,0
ESIK-02403,820,0.0020369047,0.0044730201823552,0
ESIK-05149,821,0.0020335498,0.0044672359370253,0
ESIK-00396,822,0.0020171287,0.0044388938037125,0
ESIK-01495,823,0.0020061543,0.0044199246479744,0
ESIK-02555,824,0.0020060055,0.0044196670765484,0
ESIK-03756,825,0.0020006408,0.0044103863271876,0
ESIK-04139,826,0.0019910622,0.0043938014108377,0
ESIK-04248,827,0.0019903232,0.0043925212803379,0
ESIK-03571,828,0.001986835,0.0043864768647994,0
ESIK-01364,829,0.001981305,0.0043768894058352,0
ESIK-03031,830,0.0019571558,0.0043349547518694,0
ESIK-04801,831,0.0019396667,0.0043045154588422,0
ESIK-02342,832,0.0019339841,0.0042946121435574,0
ESIK-04052,833,0.0019311971,0.0042897531389197,0
ESIK-04829,834,0.0019296602,0.0042870726087497,0
ESIK-04379,835,0.0019277097,0.0042836702751736,0
ESIK-00011,836,0.0019265927,0.0042817213499119,0
ESIK-00290,837,0.0019165749,0.0042642334506504,0
ESIK-00294,838,0.0019033119,0.0042410495480828,0
ESIK-03696,839,0.0019024296,0.0042395064182872,0
ESIK-05338,840,0.0018978032,0.0042314102021531,0
ESIK-01331,841,0.0018957785,0.0042278654469715,0
ESIK-00801,842,0.0018913075,0.0042200357630355,0
ESIK-02754,843,0.0018803083,0.0042007561767694,0
ESIK-00435,844,0.001878531,0.0041976384990138,0
ESIK-01583,845,0.0018764365,0.0041939636369479,0
ESIK-01030,846,0.0018729799,0.0041878971022738,0
ESIK-02372,847,0.0018655752,0.004174893142693,0
ESIK-03694,848,0.0018502217,0.0041478942698404,0
ESIK-01356,849,0.0018474453,0.0041430070531374,0
ESIK-01203,850,0.0018440499,0.0041370278336523,0
ESIK-02794,851,0.001843864,0.0041367001148352,0
ESIK-01608,852,0.0018332973,0.0041180766641607,0
ESIK-03056,853,0.0018326743,0.0041169780696792,0
ESIK-00905,854,0.0018298808,0.0041120502980876,0
ESIK-03559,855,0.001824078,0.0041018092240197,0
ESIK-02915,856,0.0018195896,0.0040938830961332,0
ESIK-04109,857,0.0018086039,0.0040744648411421,0
ESIK-01179,858,0.0018029227,0.004064412680117,0
ESIK-04188,859,0.0017756628,0.0040160847836545,0
ESIK-02621,860,0.0017750536,0.0040150027847798,0
ESIK-03699,861,0.0017750129,0.0040149307618763,0
ESIK-01596,862,0.0017673663,0.0040013445022459,0
ESIK-05277,863,0.0017570448,0.003982985599576,0
ESIK-02058,864,0.001756253,0.0039815761694543,0
ESIK-03113,865,0.0017530341,0.0039758453431523,0
ESIK-04420,866,0.0017459415,0.0039632098454444,0
ESIK-01551,867,0.0017365548,0.0039464704353797,0
ESIK-01892,868,0.0017246323,0.0039251804542195,0
ESIK-01741,869,0.0017135603,0.0039053811154729,0
ESIK-03961,870,0.001687304,0.0038583166781673,0
ESIK-02478,871,0.0016836148,0.0038516912969772,0
ESIK-05130,872,0.0016818133,0.003848454781214,0
ESIK-03435,873,0.0016617909,0.0038124328354302,0
ESIK-01433,874,0.001653598,0.003797666261141,0
ESIK-02616,875,0.0016489279,0.0037892418759456,0
ESIK-01804,876,0.0016473979,0.003786480820578,0
ESIK-01543,877,0.001641511,0.0037758518132932,0
ESIK-01857,878,0.0016318986,0.0037584786484995,0
ESIK-03169,879,0.0016313284,0.0037574475312526,0
ESIK-01863,880,0.0016062296,0.0037119774351579,0
ESIK-02916,881,0.0016060545,0.0037116596732608,0
ESIK-03884,882,0.001605537,0.0037107204221133,0
ESIK-02972,883,0.0015978676,0.003696794089936,0
ESIK-04951,884,0.0015973725,0.0036958945100255,0
ESIK-04375,885,0.0015944502,0.0036905843896143,0
ESIK-01895,886,0.0015866812,0.0036764557026632,0
ESIK-03587,887,0.00158154,0.0036670980613049,0
ESIK-02445,888,0.0015803974,0.0036650175474383,0
ESIK-04330,889,0.0015649474,0.0036368523654839,0
ESIK-00406,890,0.0015605445,0.0036288146189755,0
ESIK-01581,891,0.0015565916,0.0036215946981224,0
ESIK-03877,892,0.0015548866,0.0036184791253667,0
ESIK-02141,893,0.0015526504,0.0036143917926103,0
ESIK-02070,894,0.0015382217,0.0035879890184879,0
ESIK-01332,895,0.001538156,0.0035878682871791,0
ESIK-05263,896,0.0015291572,0.0035713743160681,0
ESIK-04669,897,0.0015203905,0.0035552855503495,0
ESIK-02809,898,0.0015162757,0.0035477272037637,0
ESIK-01483,899,0.00151417,0.0035438573076629,0
ESIK-04692,900,0.0015124903,0.003540769979887,0
ESIK-03033,901,0.0015039673,0.0035250914221394,0
ESIK-02329,902,0.0015030826,0.0035234626893161,0
ESIK-01914,903,0.0015009635,0.0035195612637536,0
ESIK-03395,904,0.0014959117,0.0035102550344654,0
ESIK-03562,905,0.001487795,0.0034952887450118,0
ESIK-03001,906,0.001487302,0.0034943792298089,0
ESIK-04443,907,0.0014838673,0.0034880400912512,0
ESIK-01126,908,0.0014779198,0.0034770560696401,0
ESIK-00615,909,0.0014744427,0.0034706301496982,0
ESIK-00019,910,0.0014678304,0.0034584008541146,0
ESIK-00891,911,0.0014613952,0.0034464877075861,0
ESIK-01277,912,0.001461135,0.0034460057450091,0
ESIK-00440,913,0.0014452698,0.003416585757724,0
ESIK-02607,914,0.0014304135,0.0033889732747654,0
ESIK-01372,915,0.0014298876,0.0033879950395823,0
ESIK-04651,916,0.0014290083,0.0033863585190438,0
ESIK-04476,917,0.0014231516,0.0033754537702038,0
ESIK-00862,918,0.0014220332,0.0033733703741868,0
ESIK-04632,919,0.0014117493,0.003354195675952,0
ESIK-00747,920,0.0014103343,0.0033515550201837,0
ESIK-01198,921,0.0014081071,0.0033473976219359,0
ESIK-03538,922,0.0014068392,0.0033450299924363,0
ESIK-04965,923,0.0014065371,0.0033444658620223,0
ESIK-03672,924,0.0014049956,0.003341586647467,0
ESIK-02367,925,0.0013965892,0.0033258740499925,0
ESIK-00420,926,0.0013959057,0.0033245956595459,0
ESIK-04516,927,0.0013898661,0.0033132930682398,0
ESIK-01865,928,0.0013869036,0.0033077452089072,0
ESIK-01197,929,0.0013773344,0.0032898071353347,0
ESIK-01282,930,0.0013668955,0.0032702080147883,0
ESIK-04445,931,0.0013658011,0.0032681514742027,0
ESIK-03334,932,0.0013604311,0.0032580550253287,0
ESIK-02164,933,0.0013536091,0.0032452162975845,0
ESIK-05427,934,0.0013481342,0.0032349025049942,0
ESIK-01942,935,0.0013470883,0.0032329309708733,0
ESIK-05045,936,0.001346031,0.0032309376743698,0
ESIK-00385,937,0.001341121,0.0032216775151076,0
ESIK-04690,938,0.0013350067,0.0032101353071252,0
ESIK-03330,939,0.001333457,0.0032072082180796,0
ESIK-01478,940,0.0013280577,0.003197004071588,0
ESIK-03030,941,0.0013251915,0.0031915834553089,0
ESIK-03844,942,0.0013124027,0.0031673660300979,0
ESIK-00102,943,0.001301982,0.0031475956083033,0
ESIK-04955,944,0.0012983555,0.0031407074122701,0
ESIK-01414,945,0.001295744,0.0031357443622486,0
ESIK-04167,946,0.0012942379,0.0031328813761221,0
ESIK-01486,947,0.0012922671,0.003129133659498,0
ESIK-02581,948,0.0012785754,0.0031030627876702,0
ESIK-01759,949,0.0012691227,0.0030850285617718,0
ESIK-01403,950,0.0012670229,0.0030810186474646,0
ESIK-00143,951,0.001264758,0.0030766916582803,0
ESIK-00379,952,0.0012644238,0.0030760529708256,0
ESIK-03823,953,0.0012570765,0.0030620043123645,0
ESIK-00397,954,0.0012430376,0.0030351112114252,0
ESIK-02713,955,0.0012412504,0.0030316830979824,0
ESIK-02306,956,0.001240181,0.0030296310298357,0
ESIK-04394,957,0.0012244234,0.0029993522618181,0
ESIK-02850,958,0.0012225279,0.0029957044018202,0
ESIK-00608,959,0.0012181324,0.0029872404669975,0
ESIK-02512,960,0.0012051368,0.0029621776202507,0
ESIK-01952,961,0.0012043816,0.0029607195896055,0
ESIK-04873,962,0.0011890336,0.0029310408807593,0
ESIK-01575,963,0.0011873302,0.0029277420168901,0
ESIK-04402,964,0.0011863078,0.002925761191928,0
ESIK-02603,965,0.0011806514,0.0029147972745958,0
ESIK-05270,966,0.001178773,0.002911153924946,0
ESIK-04564,967,0.0011665362,0.0028873875807941,0
ESIK-00168,968,0.0011590758,0.0028728713814468,0
ESIK-01695,969,0.0011582993,0.0028713594174317,0
ESIK-00934,970,0.0011551616,0.0028652476641287,0
ESIK-04878,971,0.0011540409,0.0028630636787505,0
ESIK-02296,972,0.0011505454,0.0028562491503075,0
ESIK-00196,973,0.0011498716,0.0028549349730463,0
ESIK-01389,974,0.0011453917,0.0028461934459749,0
ESIK-03771,975,0.0011384257,0.0028325863559311,0
ESIK-00622,976,0.0011256379,0.0028075606987283,0
ESIK-05254,977,0.0011209052,0.0027982831518316,0
ESIK-02354,978,0.0011166034,0.0027898429991072,0
ESIK-00702,979,0.0011106156,0.0027780831385115,0
ESIK-00613,980,0.0011063642,0.0027697255079198,0
ESIK-01693,981,0.0011016589,0.002760467278515,0
ESIK-03575,982,0.0010918461,0.0027411323043324,0
ESIK-00159,983,0.0010902482,0.0027379799974336,0
ESIK-04513,984,0.0010695506,0.0026970610327182,0
ESIK-03602,985,0.0010678458,0.002693683059004,0
ESIK-04152,986,0.0010628242,0.0026837260789927,0
ESIK-04483,987,0.0010514691,0.0026611740298138,0
ESIK-04182,988,0.0010502718,0.0026587929280816,0
ESIK-00344,989,0.0010442352,0.0026467795877884,0
ESIK-01906,990,0.0010441083,0.0026465270182882,0
ESIK-01521,991,0.0010400341,0.0026384100784647,0
ESIK-03059,992,0.0010377765,0.0026339094295033,0
ESIK-00049,993,0.0010330206,0.0026244212938859,0
ESIK-00157,994,0.0010283622,0.0026151189416324,0
ESIK-04604,995,0.0010242186,0.0026068366033659,0
ESIK-05091,996,0.0010061973,0.0025707313466005,0
ESIK-01589,997,0.0009968332,0.0025519156906396,0
ESIK-02588,998,0.000995148,0.0025485254049754,0
ESIK-00571,999,0.0009944461,0.0025471131589139,0
ESIK-05051,1000,0.000992956,0.0025441138941264,0
ESIK-01703,1001,0.000992537,0.0025432703908611,0
ESIK-05109,1002,0.0009895312,0.0025372169817135,0
ESIK-00793,1003,0.0009857039,0.0025295035581858,0
ESIK-00231,1004,0.000984572,0.0025272210530817,0
ESIK-03205,1005,0.0009827286,0.0025235026678862,0
ESIK-04053,1006,0.0009816249,0.002521275577851,0
ESIK-01011,1007,0.00097467046,0.0025072305204592,0
ESIK-01749,1008,0.0009721479,0.0025021306800106,0
ESIK-02454,1009,0.0009720687,0.0025019705403762,0
ESIK-01871,1010,0.0009706098,0.0024990196217446,0
ESIK-02383,1011,0.0009673882,0.0024925002592065,0
ESIK-02460,1012,0.0009666778,0.0024910621052952,0
ESIK-01636,1013,0.0009656238,0.0024889278527492,0
ESIK-04526,1014,0.0009595371,0.0024765925240744,0
ESIK-03996,1015,0.0009516276,0.0024605383067597,0
ESIK-02347,1016,0.0009512863,0.0024598448988973,0
ESIK-02653,1017,0.00094686146,0.0024508501500959,0
ESIK-04185,1018,0.00094137515,0.0024396854859714,0
ESIK-02761,1019,0.0009410348,0.0024389924626292,0
ESIK-04800,1020,0.00093718513,0.0024311491795485,0
ESIK-01025,1021,0.00093405443,0.0024247656010377,0
ESIK-03577,1022,0.0009276408,0.0024116738957311,0
ESIK-03460,1023,0.00092590216,0.0024081215028372,0
ESIK-04880,1024,0.00092383346,0.0024038930560659,0
ESIK-02988,1025,0.00091802696,0.0023920130765898,0
ESIK-01254,1026,0.0009102689,0.0023761153220522,0
ESIK-01184,1027,0.0009099924,0.0023755479108359,0
ESIK-03551,1028,0.0009048015,0.002364893663434,0
ESIK-01336,1029,0.0009039488,0.0023631423524156,0
ESIK-03297,1030,0.00090083067,0.0023567348818575,0
ESIK-00884,1031,0.0008944622,0.0023436332157565,0
ESIK-00092,1032,0.0008831654,0.0023203430302323,0
ESIK-01306,1033,0.00088201696,0.0023179719941561,0
ESIK-00500,1034,0.0008765198,0.0023066123635364,0
ESIK-01959,1035,0.000868803,0.0022906402205998,0
ESIK-02191,1036,0.000861833,0.0022761874354883,0
ESIK-04105,1037,0.0008534977,0.0022588706070929,0
ESIK-01242,1038,0.00085159193,0.002254906171806,0
ESIK-00980,1039,0.0008391688,0.0022290164176828,0
ESIK-03022,1040,0.0008367307,0.0022239257893224,0
ESIK-03619,1041,0.00082963466,0.0022090914200784,0
ESIK-02609,1042,0.0008275703,0.002204770836733,0
ESIK-04939,1043,0.0008231613,0.0021955350609862,0
ESIK-03026,1044,0.0008229782,0.0021951512128487,0
ESIK-01977,1045,0.0008224138,0.0021939680341171,0
ESIK-01040,1046,0.00081563415,0.0021797427092801,0
ESIK-01188,1047,0.00081499276,0.0021783957163553,0
ESIK-05290,1048,0.00081406836,0.002176453789668,0
ESIK-02154,1049,0.00081163505,0.0021713398538986,0
ESIK-00531,1050,0.00079933414,0.0021454368991293,0
ESIK-01422,1051,0.0007982205,0.002143087728455,0
ESIK-03037,1052,0.00079728244,0.0021411082636658,0
ESIK-04665,1053,0.000795377,0.0021370859891026,0
ESIK-01152,1054,0.0007946391,0.0021355278062599,0
ESIK-00515,1055,0.0007902353,0.0021262215942685,0
ESIK-02288,1056,0.00078997255,0.0021256659746797,0
ESIK-05428,1057,0.00078997255,0.0021256659746797,0
ESIK-04407,1058,0.00078589283,0.0021170343255232,0
ESIK-00757,1059,0.0007852337,0.0021156388615941,0
ESIK-03404,1060,0.0007800984,0.0021047579567037,0
ESIK-02973,1061,0.00077579194,0.002095621647384,0
ESIK-00576,1062,0.0007731591,0.0020900303626611,0
ESIK-00887,1063,0.00076508266,0.0020728535157073,0
ESIK-01446,1064,0.000763096,0.0020686222206875,0
ESIK-02242,1065,0.00076242,0.0020671819686041,0
ESIK-05311,1066,0.0007563983,0.0020543400337585,0
ESIK-04231,1067,0.00075103185,0.0020428769979777,0
ESIK-05438,1068,0.0007509184,0.0020426345144395,0
ESIK-00304,1069,0.0007473828,0.0020350723130372,0
ESIK-00165,1070,0.0007397865,0.0020187990045858,0
ESIK-00911,1071,0.00073830114,0.0020156127946367,0
ESIK-02392,1072,0.00073810987,0.0020152022312394,0
ESIK-00539,1073,0.0007356728,0.0020099710944647,0
ESIK-03746,1074,0.0007331993,0.0020046581690769,0
ESIK-02779,1075,0.0007322556,0.0020026300653158,0
ESIK-00894,1076,0.00072911306,0.0019958725382827,0
ESIK-04995,1077,0.00072634424,0.0019899133539133,0
ESIK-04831,1078,0.0007261207,0.0019894320229386,0
ESIK-05279,1079,0.0007212826,0.0019790069664914,0
ESIK-00170,1080,0.0007170465,0.0019698665186356,0
ESIK-04766,1081,0.0007103261,0.0019553419553339,0
ESIK-01979,1082,0.00069657346,0.0019255263943115,0
ESIK-04130,1083,0.0006932466,0.0019182948970582,0
ESIK-02828,1084,0.0006914018,0.0019142817096415,0
ESIK-00340,1085,0.0006834685,0.0018969970759676,0
ESIK-05037,1086,0.0006811747,0.0018919914184919,0
ESIK-04461,1087,0.0006770587,0.0018830003299262,0
ESIK-05420,1088,0.0006750237,0.0018785506919597,0
ESIK-02578,1089,0.00067257136,0.0018731845677104,0
ESIK-00194,1090,0.0006717911,0.0018714763608048,0
ESIK-04713,1091,0.00066808256,0.0018633514845947,0
ESIK-04451,1092,0.00066630787,0.0018594599921485,0
ESIK-03406,1093,0.0006588177,0.0018430111005602,0
ESIK-04943,1094,0.000655264,0.0018351930905647,0
ESIK-05418,1095,0.0006545771,0.0018336808530211,0
ESIK-03764,1096,0.00064985245,0.0018232699482026,0
ESIK-03118,1097,0.0006467775,0.0018164857382876,0
ESIK-03437,1098,0.00063617754,0.0017930452681359,0
ESIK-05096,1099,0.0006324192,0.0017847140552841,0
ESIK-01344,1100,0.00062227825,0.0017621811228662,0
ESIK-02686,1101,0.00062172074,0.0017609399986027,0
ESIK-03762,1102,0.0006212525,0.0017598974957577,0
ESIK-04550,1103,0.0006113065,0.0017377131391229,0
ESIK-01022,1104,0.0006056767,0.0017251215867445,0
ESIK-00948,1105,0.0006036694,0.0017206260408568,0
ESIK-03600,1106,0.0006028409,0.0017187695483907,0
ESIK-00653,1107,0.000596559,0.0017046757198988,0
ESIK-01255,1108,0.0005864984,0.0016820372501379,0
ESIK-04424,1109,0.00058296835,0.0016740742108313,0
ESIK-00637,1110,0.0005817484,0.0016713197130733,0
ESIK-02448,1111,0.00058142375,0.001670586737488,0
ESIK-04366,1112,0.00056844315,0.0016411985770223,0
ESIK-03711,1113,0.00053605385,0.0015672304628385,0
ESIK-02022,1114,0.0005298281,0.0015529041116194,0
ESIK-02878,1115,0.00052533613,0.0015425451308968,0
ESIK-03428,1116,0.0005246846,0.0015410409795312,0
ESIK-00915,1117,0.00052325346,0.0015377357319456,0
ESIK-01157,1118,0.0005232422,0.0015377098070604,0
ESIK-01774,1119,0.0005188922,0.001527651189862,0
ESIK-03093,1120,0.00051889097,0.0015276483281596,0
ESIK-04192,1121,0.00051777146,0.0015250566810339,0
ESIK-02945,1122,0.00051615346,0.0015213090963429,0
ESIK-04876,1123,0.0004900463,0.0014604835882295,0
ESIK-05194,1124,0.0004874948,0.0014545022259616,0
ESIK-01788,1125,0.00047498418,0.0014250762056988,0
ESIK-00771,1126,0.0004728729,0.0014200939454695,0
ESIK-00610,1127,0.000465742,0.001403230794561,0
ESIK-04178,1128,0.0004639025,0.0013988719190253,0
ESIK-03797,1129,0.00046159796,0.0013934056546888,0
ESIK-01610,1130,0.0004600984,0.0013898457208442,0
ESIK-03873,1131,0.0004570063,0.0013824971450784,0
ESIK-01099,1132,0.00045190364,0.0013703469386565,0
ESIK-02940,1133,0.00045148877,0.0013693578055105,0
ESIK-01112,1134,0.00044907033,0.0013635876639454,0
ESIK-00504,1135,0.00044695547,0.0013585365032435,0
ESIK-03468,1136,0.00044571882,0.0013555805090244,0
ESIK-03520,1137,0.00044542152,0.0013548695491437,0
ESIK-02263,1138,0.00044414363,0.0013518126099659,0
ESIK-02232,1139,0.00042443018,0.0013044118999657,0
ESIK-04353,1140,0.00041343432,0.001277768010924,0
ESIK-02817,1141,0.00040978694,0.0012688967765922,0
ESIK-00195,1142,0.00040675083,0.0012614993211892,0
ESIK-01647,1143,0.0004059066,0.0012594402750571,0
ESIK-01484,1144,0.00039497795,0.0012327017042548,0
ESIK-04563,1145,0.0003878908,0.0012152773511459,0
ESIK-01008,1146,0.00038525037,0.0012087682074872,0
ESIK-01819,1147,0.0003786204,0.0011923818099888,0
ESIK-02959,1148,0.0003773306,0.0011891868724018,0
ESIK-03193,1149,0.0003763278,0.0011867012116797,0
ESIK-03883,1150,0.00037575798,0.001185288178151,0
ESIK-02007,1151,0.00036457548,0.0011574636738599,0
ESIK-03740,1152,0.0003562428,0.0011366112140509,0
ESIK-02073,1153,0.00034762107,0.0011149252479582,0
ESIK-01278,1154,0.00034696984,0.0011132825017878,0
ESIK-04847,1155,0.00034450224,0.001107052210495,0
ESIK-01276,1156,0.00033711392,0.0010883402493247,0
ESIK-03932,1157,0.00031795105,0.0010393910661091,0
ESIK-02572,1158,0.0003131035,0.0010269096387309,0
ESIK-00410,1159,0.00029517882,0.0009803909347238,0
ESIK-01055,1160,0.00028157115,0.0009446716325324,0
ESIK-04772,1161,0.00027129299,0.0009174468460057,0
ESIK-05064,1162,0.0002647263,0.0008999376454653,0
ESIK-02231,1163,0.00025963457,0.0008862972258906,0
ESIK-04706,1164,0.00024770806,0.0008541197287473,0
ESIK-01196,1165,0.00021506543,0.0007642833646416,0
ESIK-01806,1166,0.00020475918,0.0007353276359987,0
ESIK-00164,1167,0.00020131048,0.0007255692897848,0
ESIK-00802,1168,0.0001875485,0.0006862646708296,0
ESIK-00927,1169,0.00014783366,0.0005691275380497,0
ESIK-01014,1170,0.00014329607,0.0005553413521471,0
