row_id,outer_fold,actual,raw_probability,raw_margin,calibrated_probability
3772,3,0,0.8624419804125624,1.8357220888137817,0.616764175080726
3897,3,0,0.057229492453169176,-2.801753520965576,0.0644260390273483
1657,3,0,0.006602288350898151,-5.013714790344238,0.015085516606368391
5135,3,0,0.006569814514596247,-5.018678188323975,0.015035483166535413
3565,3,0,0.0006091078365447651,-7.4029059410095215,0.0030110921823394182
3987,3,0,0.00025003914605182625,-8.2936429977417,0.001646011384864616
4127,3,0,0.0025794941564101664,-5.957579135894775,0.008000334627096695
1822,3,0,0.017714389488696594,-4.015504837036133,0.029298903987137078
1966,3,0,0.0006717907815888778,-7.304891586303711,0.003217816042752855
2776,3,0,0.06921698411552045,-2.5987799167633057,0.07325662416609041
4826,3,0,0.00012011310966971848,-9.026956558227539,0.001000665248639577
723,3,0,9.443334691044537e-05,-9.267521858215332,0.0008498763199521844
5068,3,0,0.13043941875513404,-1.8970791101455688,0.1129601475216089
120,3,0,0.00041084403363002265,-7.796885967254639,0.0023054463447907026
4201,3,0,0.002284465394228794,-6.079336166381836,0.007369698139293188
4733,3,0,0.001102903708400391,-6.8087053298950195,0.004502377022512812
1043,3,0,0.0015398074281021102,-6.474556922912598,0.005643671490942789
3882,3,0,0.0007994247819362688,-7.1308183670043945,0.00362043222398184
1546,3,0,0.00038042271985643797,-7.873847007751465,0.0021882268266510225
462,3,0,0.00041789478701178125,-7.779862880706787,0.002332208830383566
4338,3,0,0.00018771632127220555,-8.580390930175781,0.0013549734606334996
3605,3,0,0.016490355868054824,-4.088351726531982,0.027923310111592003
2153,3,0,9.05066602833019e-05,-9.309996604919434,0.0008257157193710988
3239,3,0,0.00717169900093207,-4.930415153503418,0.015950092919905706
4783,3,0,0.020478370391571958,-3.8676950931549072,0.032294784751827184
347,3,0,0.0056737777721696326,-5.166210174560547,0.013620695132430341
2248,3,0,0.0012846665790039193,-6.655970573425293,0.0049923501849226245
4210,3,0,0.00048565322177563795,-7.62952995300293,0.002582418561446779
4253,3,0,0.0013498989361151402,-6.606374740600586,0.005162595149110899
1652,3,0,0.0030669386847870087,-5.784003734588623,0.00899292810095243
4494,3,0,0.0007947720713672855,-7.136660099029541,0.00360613986052308
618,3,0,0.013999130210253334,-4.254662036895752,0.02501388927718275
476,3,0,0.0641614100388463,-2.6800410747528076,0.06959479117830805
1950,3,0,0.005227918986035911,-5.248500347137451,0.012889456570346468
4835,3,0,0.00044329577026183865,-7.720829963684082,0.002427440034469717
4567,3,0,0.013572372628291671,-4.286053657531738,0.024498860676969714
2645,3,0,0.42876260618923984,-0.28690147399902344,0.27555269300484825
1225,3,0,0.0001585639268949222,-8.749194145202637,0.0012083013369755078
942,3,0,3.919275986695174e-05,-10.146979331970215,0.00046769781410715196
3576,3,0,0.0004050492879639521,-7.811096668243408,0.0022833400922821026
1812,3,0,0.0004467412178757324,-7.7130842208862305,0.0024402199133635363
4376,3,0,0.0006547789785375496,-7.330557823181152,0.003162353651467595
5355,3,0,0.00760355198688859,-4.871507167816162,0.016590750872785352
1537,3,0,0.00029906526020620586,-8.11454963684082,0.001858645637523141
5803,3,1,0.9984249153954208,6.451869964599609,0.9737329323772347
1412,3,0,0.010363979149591859,-4.5590009689331055,0.020435972742934957
218,3,0,0.00015556067605838512,-8.768319129943848,0.0011927175995603795
4512,3,0,0.0010536791708182038,-6.854413032531738,0.00436527730959855
4034,3,0,0.029384665880523676,-3.497457265853882,0.04115357594997209
3455,3,0,0.08626595222035928,-2.360104560852051,0.08505919362405154
812,3,0,0.00019749153790093435,-8.529617309570312,0.001402474830861111
766,3,0,0.00033655053702066976,-7.996425628662109,0.0020136842191079596
2054,3,0,0.0013374283906074686,-6.615668296813965,0.005130259748847268
5665,3,1,0.9955650370013057,5.413791179656982,0.9482098719156647
5505,3,1,0.403376148112417,-0.39141735434532166,0.26160256797389936
1673,3,0,0.08531162302626069,-2.3722727298736572,0.08441786275221057
243,3,0,0.15838033879321403,-1.6703288555145264,0.1293449844082689
1577,3,0,0.15176814187540758,-1.7208000421524048,0.1255313107238525
1218,3,0,0.0011821098249024692,-6.739271640777588,0.004718886510593912
1943,3,0,0.00043674031895704656,-7.735734939575195,0.002403035529305712
587,3,0,0.011280264148000029,-4.473356246948242,0.021634173177769958
1452,3,0,0.00644199878324195,-5.038453578948975,0.01483775523597458
2038,3,0,0.9701632927360986,3.481724977493286,0.8312351733021927
1165,3,0,0.0019429918136608664,-6.241581439971924,0.006605414984923333
372,3,0,5.734640137648784e-05,-9.766343116760254,0.0006056803689165908
3636,3,0,0.016163629238383756,-4.108695983886719,0.027550480967932136
4790,3,0,0.029423436980903866,-3.496098756790161,0.04119002077448518
2360,3,0,0.0028118252347475573,-5.871105670928955,0.008480452706430603
3526,3,0,0.0009985379744752807,-6.908219337463379,0.004209203501304072
1120,3,0,0.0016629162208548858,-6.397518157958984,0.005945202509610395
1292,3,0,0.001672627536637116,-6.391685485839844,0.005968673314914185
1697,3,0,0.0004661163754056956,-7.670608997344971,0.002511503285432147
4585,3,0,0.00014770009922833102,-8.820178985595703,0.001151463131321171
2765,3,0,0.06329786152716461,-2.6945137977600098,0.06896063853486663
620,3,0,0.0018979034847394832,-6.265105724334717,0.0065013391839389215
2103,3,0,0.017636538943596475,-4.019988536834717,0.02921237066557237
3034,3,0,0.00027732304977607806,-8.19005012512207,0.0017658520843362537
1348,3,0,0.002349253201561837,-6.051305770874023,0.007510361350219399
3341,3,0,0.00032544917455082785,-8.02997875213623,0.001968377831411111
1734,3,0,2.548768740397218e-05,-10.577289581298828,0.00034915503353772053
3976,3,0,0.0010640631495051004,-6.844595909118652,0.0043943687770155735
944,3,0,0.0005128600506999809,-7.5749945640563965,0.002679658544981786
4543,3,0,0.025633105699136887,-3.6379032135009766,0.03754805266602149
3003,3,0,0.00010741141012228596,-9.138736724853516,0.0009275357315954144
3176,3,0,0.060216894277149345,-2.7476961612701416,0.06667604075282046
755,3,0,0.00013351355204329178,-8.921174049377441,0.0010751678847156527
4261,3,0,0.014414031178783284,-4.225034236907959,0.025509647907972544
759,3,0,0.0005593338870820354,-7.488204479217529,0.0028419951641491387
3776,3,0,0.007947560259219125,-4.826910972595215,0.017092523210715114
1760,3,0,0.0892444506038388,-2.3228952884674072,0.08704783092043937
296,3,0,6.925161118954291e-05,-9.5776948928833,0.0006884679708789266
5516,3,1,0.8397391174998627,1.6562882661819458,0.5875627030501064
3268,3,0,0.007437202664346258,-4.893795490264893,0.016345430340057816
1562,3,0,0.009664943507055972,-4.629538059234619,0.01949813722376015
2469,3,0,0.001749986837668804,-6.346395492553711,0.006154082930138742
3063,3,0,8.162060070843915e-05,-9.413347244262695,0.000769755398412922
5275,3,0,0.00018290453319543768,-8.606363296508789,0.0013312995799792165
1620,3,0,0.0058690569363212325,-5.132174968719482,0.01393496160907913
3728,3,0,0.00013680943290052494,-8.896784782409668,0.0010931167399236
449,3,0,0.00014759859065339385,-8.820866584777832,0.0011509258317288467
5684,3,1,0.3462482028882378,-0.6355718970298767,0.23083980035550497
1555,3,0,0.0017818103862710605,-6.328341960906982,0.006229576699930352
4080,3,0,0.005326866676216622,-5.229650974273682,0.013053456007563594
1245,3,0,0.006013013367375246,-5.107798099517822,0.014164430105646723
3789,3,0,0.05513372087354746,-2.8412818908691406,0.06282573163959648
4092,3,0,0.031720697159186684,-3.418551206588745,0.043322339370803806
4277,3,0,0.013349406416627853,-4.302844047546387,0.02422764639452442
4599,3,0,8.038188610277109e-05,-9.428641319274902,0.000761802548877315
1391,3,0,0.0020166574778502557,-6.2042951583862305,0.006773776912033041
5533,3,1,0.9977905318551613,6.112791538238525,0.9671497617329837
970,3,0,0.0008081737199666359,-7.119925022125244,0.0036472347669626905
2199,3,0,0.0008161406148597051,-7.110107421875,0.0036715598234186523
1854,3,0,0.1755798458369117,-1.5465863943099976,0.13911364552764688
4644,3,0,0.0008302190616556475,-7.092990398406982,0.0037143578539041073
3131,3,0,0.0006120676095482034,-7.398055553436279,0.003021003586065428
963,3,0,0.0018939332327438064,-6.2672038078308105,0.006492136382639568
3221,3,0,0.0021475478966079715,-6.1412787437438965,0.007068062540599816
1286,3,0,0.00017693280876663519,-8.63956356048584,0.0013016379948536025
3731,3,0,0.03417159771498661,-3.3415913581848145,0.04554243464632465
4433,3,0,0.7787694021407828,1.2585093975067139,0.5208831243920954
5203,3,0,0.04395105764661377,-3.0797324180603027,0.053934176805629265
2368,3,0,0.8159359668360194,1.489052176475525,0.5597753902619336
4486,3,0,0.011614444309879868,-4.443823337554932,0.02206307258256629
5503,3,1,0.024328707307225424,-3.6914687156677246,0.03625449081933322
3267,3,0,0.004660643438368305,-5.3639302253723145,0.011928615258588652
2230,3,0,0.0020179630614684083,-6.203646659851074,0.006776742529857087
5663,3,1,0.5904226762302461,0.365712970495224,0.37211958154124936
5697,3,1,0.9937744224742495,5.0728440284729,0.9355762107560834
5706,3,1,0.9995567568368795,7.720948696136475,0.9887407926492283
5623,3,1,0.9972206204551043,5.882744312286377,0.9618033317237482
2264,3,0,0.0011378174306059528,-6.777504920959473,0.004598415540440436
5193,3,0,0.012311131878900641,-4.38486385345459,0.022944326727028376
2165,3,0,0.00016443503462186846,-8.712830543518066,0.0012384948570325854
4533,3,0,0.026054930837352625,-3.621147871017456,0.037961709942603866
5527,3,1,0.9953926392425589,5.375482082366943,0.9469163951043398
3652,3,0,0.000392567236629957,-7.842410087585449,0.002235372347118937
69,3,0,2.1413783224673495e-05,-10.75145435333252,0.00031019411222107555
2629,3,0,0.07862089342691561,-2.4612340927124023,0.07986105879254699
3340,3,0,0.00043287981340221397,-7.744617462158203,0.0023886083800562377
1209,3,0,0.00010107739427552874,-9.199522972106934,0.0008900347301883494
3871,3,0,0.03366055579942564,-3.3571884632110596,0.04508391432293197
1593,3,0,0.0023966807057584586,-6.031270980834961,0.007612530417196135
1550,3,0,0.00025734726615528314,-8.264826774597168,0.0016785075616846735
4457,3,0,0.033947100907078094,-3.3484151363372803,0.04534128678136162
4782,3,0,0.0002488208189757738,-8.298528671264648,0.0016405644001444228
4739,3,0,0.005759738543504551,-5.151086807250977,0.013759465565732081
5434,3,0,5.970692315996209e-06,-12.028641700744629,0.00013024835053179583
75,3,0,0.00027416934113133807,-8.20149040222168,0.0017522007583858337
534,3,0,0.026232678058747252,-3.614166498184204,0.03813535558763117
1841,3,0,1.383713405221318e-05,-11.188140869140625,0.00023056201746870318
4721,3,0,0.0002774391467719901,-8.189631462097168,0.001766353670593759
537,3,0,0.6307617189254581,0.5354859828948975,0.3994488195555442
689,3,0,2.621965570179145e-05,-10.548974990844727,0.0003559360012192159
378,3,0,0.00018119214735185315,-8.615771293640137,0.0013228264621584173
744,3,0,0.012443733820505991,-4.374016284942627,0.02311016613639605
2492,3,0,0.00017537244600280695,-8.648423194885254,0.0012938348488048034
4723,3,0,0.0006533521137190463,-7.332740783691406,0.003157680677034052
1739,3,0,2.525430356931038e-05,-10.586488723754883,0.0003469798752208118
2026,3,0,9.852849932846366e-05,-9.225066184997559,0.0008747319172525899
2818,3,0,0.00017335493762490376,-8.659996032714844,0.0012837123690384936
5522,3,1,0.44615769459925714,-0.21620753407478333,0.28524551532461756
5205,3,0,0.0002298391267197415,-8.377901077270508,0.0015545522426011205
4715,3,0,0.03495201244873845,-3.318201780319214,0.046238367394245916
4703,3,0,0.0014100240979095424,-6.562737464904785,0.005317155587826148
5819,3,1,0.6177377876131379,0.4799572825431824,0.3904317523443834
17,3,0,0.00020955834784095316,-8.470298767089844,0.0014600806706268846
3155,3,0,0.03607526121464919,-3.2854058742523193,0.047231234008704735
4290,3,0,0.0008608830039547375,-7.056690692901611,0.003806770364042947
535,3,0,0.051074855703950005,-2.9220376014709473,0.0596710102003889
2820,3,0,0.0001206933666282928,-9.022136688232422,0.0010039449331853097
2585,3,0,3.106062564986642e-05,-10.379538536071777,0.0003993551196625681
940,3,0,0.013053990432149021,-4.325521469116211,0.02386598268099083
4297,3,0,0.0324491666528392,-3.3950932025909424,0.04398786576312983
2860,3,0,0.0014114636496754794,-6.561715602874756,0.005320829579511141
4440,3,0,0.0006306018537088235,-7.3682050704956055,0.003082720870660846
4382,3,0,0.0010595955830432836,-6.8488078117370605,0.004381863913722451
3021,3,0,0.00032405069050618927,-8.034286499023438,0.0019626353098546588
484,3,0,0.0003801018998550407,-7.874691009521484,0.0021869748592009347
4994,3,0,0.0002681582057681416,-8.223665237426758,0.0017260395034024443
2560,3,0,7.210600917448824e-05,-9.537301063537598,0.0007076148704767921
2688,3,0,0.00012496088809811948,-8.987384796142578,0.0010279118800841486
388,3,0,0.0003373713117044793,-7.993988990783691,0.002017014630042609
259,3,0,0.00044978983281080407,-7.70628023147583,0.0024515013330272182
4859,3,0,0.08138306508465311,-2.4237020015716553,0.08175549122987885
403,3,0,4.3311727658148443e-05,-10.047043800354004,0.0005005474915613835
550,3,0,0.002706184156668521,-5.909505844116211,0.008263818593833709
3584,3,0,0.0007971385207591001,-7.1336846351623535,0.0036134125825026072
808,3,0,0.010367129241934272,-4.558693885803223,0.020440150664463745
1851,3,0,0.0007502506861626132,-7.194352626800537,0.0034679740932437248
5385,3,0,0.07446926108310613,-2.5199809074401855,0.07697619843964071
1964,3,0,0.04444987906023973,-3.067924976348877,0.05434506987373652
2092,3,0,0.004664310174334208,-5.363140106201172,0.01193494545935696
2134,3,0,7.883119116053119e-05,-9.44812297821045,0.0007517909650956307
4972,3,0,0.24337270609649692,-1.1342767477035522,0.17617518980970232
3138,3,0,0.0015822313135529873,-6.447335720062256,0.005748437682563637
5025,3,0,0.001869352553534711,-6.28029203414917,0.006435019108679224
5731,3,1,0.7534746256285274,1.1172304153442383,0.4968931626531263
4482,3,0,0.005076818193625421,-5.277980804443359,0.012637029855458752
904,3,0,0.0039036124155717535,-5.5419416427612305,0.01058385180318044
5395,3,0,0.007106673055734269,-4.939589023590088,0.015852536547208446
335,3,0,0.6337562023407562,0.5483651161193848,0.40155022624388037
1770,3,0,0.014726925536026572,-4.203241348266602,0.025880400437781923
1931,3,0,0.15362337210181753,-1.7064604759216309,0.12660492748554386
3346,3,0,0.14828544775013738,-1.7481123208999634,0.12350798155482427
1962,3,0,0.00022007798004705618,-8.421308517456055,0.001509433555910222
1142,3,0,0.0004137649135411602,-7.789798736572266,0.002316550955169095
752,3,0,0.009309027687683739,-4.667418003082275,0.01901204236369117
2186,3,0,0.00040556374454506845,-7.809826850891113,0.002285306793276536
2312,3,0,0.00700461446689218,-4.954156875610352,0.01569882480249367
1441,3,0,0.0026180395933613388,-5.9427080154418945,0.008080938724122683
5352,3,0,0.006696678249654103,-4.999424457550049,0.015230487333124213
5391,3,0,0.001484443889805574,-6.511229515075684,0.0055055255829542125
4802,3,0,0.00042437213625592983,-7.764475345611572,0.002356666618029417
2614,3,0,0.00014034154321022877,-8.871291160583496,0.0011121983464864463
606,3,0,0.0053776846085192885,-5.220105171203613,0.013137293220358157
5748,3,1,0.31373309392746346,-0.7827240228652954,0.21356394277588092
461,3,0,0.00024278174920481344,-8.323104858398438,0.0016134364073365466
2057,3,0,0.13567908880881013,-1.851651668548584,0.11609058335665122
1547,3,0,0.018699315565191724,-3.9603919982910156,0.030383068624443402
1510,3,0,0.0010208805435425186,-6.886068344116211,0.004272771577162109
1273,3,0,0.09786775790143061,-2.221143960952759,0.09270217457334622
3187,3,0,0.0006865720855513466,-7.283112525939941,0.0032656383266740866
2576,3,0,0.04256822814749901,-3.1131463050842285,0.052787212535862216
3777,3,0,0.0022263486661951463,-6.10516357421875,0.007242406238259909
2766,3,0,0.0010315517334475491,-6.875658988952637,0.0043029732084934385
72,3,0,0.000143609041109103,-8.848272323608398,0.0011297132868042308
3778,3,0,0.16177842575140042,-1.645054817199707,0.13129153605974242
5107,3,0,0.00041037490852098725,-7.798028945922852,0.002303660451182815
4663,3,0,0.001983540814709205,-6.22088623046875,0.00669834185343738
511,3,0,0.038001713585663836,-3.231381416320801,0.0489110825323891
3051,3,0,0.04709622317967028,-3.0073211193084717,0.0565008695919589
480,3,0,8.064730921156018e-05,-9.425344467163086,0.0007635099260930168
981,3,0,0.11336392819432502,-2.0568313598632812,0.10253064031608324
3374,3,0,0.0013735422202998126,-6.588987827301025,0.0052236354937754605
3357,3,0,0.09893995370125895,-2.2090587615966797,0.09339524765853666
3120,3,0,0.001552162587354547,-6.466552734375,0.005674278585646968
2844,3,0,0.019048462548710433,-3.9415366649627686,0.03076283280897473
2956,3,0,0.0037332700652358093,-5.586730480194092,0.010269822258478717
4623,3,0,0.003437613692848589,-5.669534206390381,0.00971334847584979
5602,3,1,0.0025081782532805855,-5.985687255859375,0.007850155793872885
3464,3,0,0.000677005806703316,-7.297153472900391,0.0032347268484734103
3513,3,0,0.01801064651270891,-3.99861741065979,0.029627060200387256
4697,3,0,3.477245620455791e-05,-10.266650199890137,0.000431183807939922
2807,3,0,0.001591854095274957,-6.441262722015381,0.005772073363484842
2450,3,0,5.077339569625532e-05,-9.888087272644043,0.0005576140765199925
4884,3,0,0.0007147071028758664,-7.242922782897949,0.0033557540014339427
1129,3,0,0.02827805247665301,-3.5369837284088135,0.040106612489164924
5384,3,0,0.0011494713677882723,-6.767302989959717,0.004630258547612256
4845,3,0,0.0009749318980954724,-6.9321675300598145,0.004141536980771318
1916,3,0,0.00022407919080672192,-8.403286933898926,0.0015280046565756833
4844,3,0,0.00011824167727300593,-9.042661666870117,0.0009900527705536918
147,3,0,0.0016938322126951997,-6.379066467285156,0.006019768187575451
4058,3,0,0.011143651044331243,-4.4856791496276855,0.02145763099441613
5240,3,0,0.019001025823855728,-3.9440784454345703,0.03071137217074644
2907,3,0,0.020625866700774532,-3.860367774963379,0.03245076332655379
1751,3,0,0.0031457205985056633,-5.758561611175537,0.009148329757421933
5536,3,1,0.04199400347242353,-3.1273272037506104,0.05230743298915449
4017,3,0,0.0008601434152632953,-7.05755090713501,0.0038045541401261138
1139,3,0,9.257222267694765e-05,-9.287428855895996,0.0008384660577287346
1098,3,0,0.00013140265856341032,-8.937112808227539,0.0010635974030867236
4495,3,0,0.0007920763138055521,-7.1400604248046875,0.00359784653354455
2084,3,0,0.01797603872696709,-4.000576019287109,0.029588818628397667
5539,3,1,0.277023911178033,-0.9592723250389099,0.1941054002316506
1813,3,0,0.08652664957600108,-2.356801748275757,0.08523403144250748
679,3,0,0.003994675535854906,-5.518790245056152,0.010749879535179214
2282,3,0,0.00765330526736574,-4.864934921264648,0.016663778105316294
1980,3,0,0.6877900848682086,0.789807915687561,0.4415353451627315
2921,3,0,0.050685652453804866,-2.9300971031188965,0.05936443507106826
3798,3,0,0.001290128578018224,-6.651722431182861,0.005006711162017914
4647,3,0,0.26663269075952295,-1.0117746591567993,0.188585040024217
2537,3,0,6.648908314113043e-05,-9.618406295776367,0.0006696943604152575
1963,3,0,0.00827970275232346,-4.7856340408325195,0.017570220896874638
5100,3,0,0.004352392331446834,-5.4326677322387695,0.011390422955644878
5001,3,0,1.2919453260697815e-05,-11.256763458251953,0.00022005922049735292
4101,3,0,0.00011620532160614054,-9.060035705566406,0.0009784434874511552
803,3,0,0.6115434116362123,0.45380452275276184,0.3862103046473593
4209,3,0,0.0010407080751753943,-6.866812705993652,0.004328806764523353
5206,3,0,0.0038323470166136213,-5.56043815612793,0.010453031200540884
2620,3,0,0.13764837260511534,-1.834960699081421,0.11725957024412166
4084,3,0,0.7759624152840824,1.2422902584075928,0.5181318250475976
5353,3,0,0.004513214884336424,-5.396222114562988,0.01167272102325673
44,3,0,0.0009030732865073766,-7.008803367614746,0.003932195503663352
813,3,0,0.06779570042497224,-2.6210532188415527,0.07223563939063614
1440,3,0,0.006816525871196594,-4.981565475463867,0.015413590181566642
3846,3,0,0.0013414576272801485,-6.612656116485596,0.005140718004748913
3707,3,0,0.0001615649021593541,-8.73044204711914,0.0012237786706389418
2399,3,0,7.730112071530725e-05,-9.467724800109863,0.0007418503193426307
4069,3,0,9.184023753141077e-05,-9.295368194580078,0.0008339582109813851
3018,3,0,7.345294153310467e-05,-9.518792152404785,0.0007165650835950637
4798,3,0,7.572192529197378e-05,-9.488367080688477,0.0007315239816665333
5707,3,1,0.9632282877056143,3.265561580657959,0.8096147567174171
394,3,0,0.0007532763916169469,-7.190324783325195,0.0034774465533536467
1256,3,0,0.009881138259619088,-4.607197284698486,0.019790514676431902
3085,3,0,0.00032172902901052644,-8.041479110717773,0.0019530843077867398
21,3,0,4.9653652688957115e-05,-9.910388946533203,0.0005492314813698692
691,3,0,0.02050151106241359,-3.866542100906372,0.03231928067083999
149,3,0,0.0010942854098741019,-6.816558837890625,0.004478519216579157
4696,3,0,0.06280211757508017,-2.7029056549072266,0.06859538646244641
1313,3,0,0.0005243941231750436,-7.5527424812316895,0.002720376651954666
4970,3,0,0.024384439983540087,-3.6891233921051025,0.03631021974624439
4458,3,0,0.0001461595450467547,-8.830665588378906,0.0011432959121960259
4879,3,0,6.1209738578130625e-06,-12.003783226013184,0.00013246703389003302
2986,3,0,0.0016075271155055041,-6.4314494132995605,0.005810470436583613
2471,3,0,0.005841793710911915,-5.1368584632873535,0.01389129571458028
2371,3,0,0.0002198474904589369,-8.422356605529785,0.0015083604705423983
3028,3,0,0.018112708623491777,-3.9928627014160156,0.029739697544092315
495,3,0,0.00011533585738287695,-9.067546844482422,0.0009734667657151714
1872,3,0,0.0006226716028104196,-7.380868434906006,0.003056386722685422
2642,3,0,0.05156120919949559,-2.9120476245880127,0.0600530766788229
4154,3,0,0.03263890270183851,-3.3890669345855713,0.04416040530516524
2433,3,0,0.0005684528978345467,-7.4720234870910645,0.0028733281284948693
3547,3,0,0.00025412344320173755,-8.277436256408691,0.0016642097197644794
4537,3,0,0.002089038601461674,-6.168960094451904,0.006937259260970775
2770,3,0,0.0011466645782114697,-6.769750595092773,0.004622598950023076
4899,3,0,0.00027135039031848913,-8.211828231811523,0.0017399555828872858
1220,3,0,4.4607548037258534e-05,-10.017562866210938,0.0005106715596915312
79,3,0,0.035698161073931985,-3.2963051795959473,0.04689903957108608
5472,3,1,0.9863963615094126,4.283720970153809,0.8946756977872624
1810,3,0,0.00045369121416732915,-7.6976399421691895,0.0024659024613583602
554,3,0,0.7471437109101718,1.0834362506866455,0.49115269071123124
3429,3,0,0.2522949827576511,-1.086409568786621,0.18094620117360544
4471,3,0,0.0023173079316876604,-6.065029144287109,0.007441164368050944
1466,3,0,0.016840176514325924,-4.067004203796387,0.028319792989026284
5390,3,0,0.0002454450564613093,-8.3121919631958,0.0016254266903226854
1269,3,0,6.23533070052786e-05,-9.682631492614746,0.0006411123168027028
1459,3,0,0.0012048572288284429,-6.720188617706299,0.004780186089191807
4410,3,0,0.004168642690290691,-5.475987434387207,0.011063647428094526
5712,3,1,0.19885719082625114,-1.3934522867202759,0.15205076546281812
4076,3,0,0.00013953185968630882,-8.87707805633545,0.0011078379543024818
2152,3,0,8.119488529194398e-06,-11.721235275268555,0.000160503576770767
3706,3,0,0.00022232221354989354,-8.411160469055176,0.0015198631412951789
1840,3,0,0.003201494125397798,-5.740931034088135,0.009257575894208923
2291,3,0,0.0002644089649851334,-8.237749099731445,0.0017096265984906074
4877,3,0,0.0002413899376191277,-8.328855514526367,0.001607153580364128
5760,3,1,0.960612047370743,3.194110631942749,0.8020177174711921
1825,3,0,0.033159416544009564,-3.372706890106201,0.044632074299545785
3796,3,0,0.0089160427805985,-4.710947036743164,0.01846811946656378
1102,3,0,0.0001458157105203197,-8.83302116394043,0.0011414693064038548
4425,3,0,0.006025503488583032,-5.105710506439209,0.014184253659426738
1453,3,0,0.004221585216870037,-5.463314056396484,0.011158275876155244
3419,3,0,0.07558642324928663,-2.503882884979248,0.07775707919989912
4435,3,0,0.00017231751855001246,-8.665999412536621,0.0012784925545529517
4730,3,0,0.00019177970717329564,-8.558971405029297,0.0013748134068125735
1058,3,0,0.002534463900794883,-5.975235462188721,0.007905669219817767
3780,3,0,0.12575449356077376,-1.9390296936035156,0.1101349792364859
400,3,0,0.0007088319267841851,-7.251183032989502,0.003337032271122644
4048,3,0,0.0009798920393850757,-6.927087783813477,0.0041557988841226775
5073,3,0,0.007117373882546851,-4.938073635101318,0.015868610851456272
1649,3,0,0.01664454798629373,-4.078887939453125,0.028098409307232307
3977,3,0,0.004226073685929374,-5.462246894836426,0.011166280496453492
1474,3,0,0.0013206556466900273,-6.628305435180664,0.005086613934354663
4964,3,0,0.00237223025357669,-6.0415496826171875,0.007559942205857949
2076,3,0,0.003162594906435088,-5.753194808959961,0.009181448698598178
4594,3,0,0.0014281389765738951,-6.549953937530518,0.005363299567874362
4948,3,0,0.002584859716984159,-5.955495834350586,0.008011578270582076
4901,3,0,0.051718614969287556,-2.9088335037231445,0.060176486825555396
1199,3,0,0.0006483865294260952,-7.340374946594238,0.0031413925986085783
786,3,0,0.15682061328787777,-1.682077169418335,0.1284485502907836
5176,3,0,0.0073603783345229925,-4.904256343841553,0.016231524407658415
2006,3,0,0.011095256278046672,-4.4900803565979,0.021394919891829293
4450,3,0,0.0009429519321395138,-6.965551853179932,0.0040490122747817445
4875,3,0,0.9688014628782835,3.4356884956359863,0.8268008349602097
2520,3,0,0.000520255868085145,-7.560669422149658,0.0027058012197122634
479,3,0,0.0003709719579570247,-7.899013042449951,0.0021512017286420748
4553,3,0,7.128068940114585e-05,-9.548813819885254,0.0007021041781436223
3646,3,0,0.002042602450318852,-6.19148588180542,0.006832593828554187
2933,3,0,0.029906822174600466,-3.4793055057525635,0.04164309280846701
5365,3,0,0.0006898264881054549,-7.278380393981934,0.003276122422876055
5348,3,0,0.019546722144642432,-3.9152073860168457,0.0313008275611584
4432,3,0,0.0005206837546145151,-7.559846878051758,0.0027073100201925574
70,3,0,0.011899145288567083,-4.419318199157715,0.02242525468893758
978,3,0,0.0002445291876505793,-8.31593132019043,0.0016213081753704629
1208,3,0,0.0004185428375414102,-7.778312683105469,0.0023346612843866453
1967,3,0,0.0007213011782465349,-7.233732223510742,0.0033767073159325354
4868,3,0,0.003297525818387947,-5.71127986907959,0.009444228280989347
1159,3,0,0.0008031180167428038,-7.1262054443359375,0.003631758054947283
30,3,0,0.0030818545155387863,-5.779137134552002,0.009022449820481874
3555,3,0,0.0006080956414831535,-7.40457010269165,0.0030076990676697656
2397,3,0,0.09519397988894088,-2.2518038749694824,0.09096454228103643
1072,3,0,0.0022100232631677777,-6.112539768218994,0.007206454586516726
5440,3,0,0.000463467804235027,-7.676310062408447,0.0025018161903537692
4789,3,0,0.00015945575037612457,-8.743584632873535,0.0012129106269865863
1110,3,0,0.004500116198347853,-5.399141788482666,0.011649853494848606
3471,3,0,0.0007881051831275678,-7.145090579986572,0.0035856129229709147
3397,3,0,0.0005453969688961705,-7.513451099395752,0.0027937866164708045
3008,3,0,0.01369395947045845,-4.277011871337891,0.024646136001874028
4658,3,0,0.02031606100725818,-3.8758182525634766,0.032122711950027465
5172,3,0,0.015635361257580464,-4.14246129989624,0.026942348492658683
5202,3,0,0.0001792833480454466,-8.626363754272461,0.001313351018830212
402,3,0,0.00011524592868636475,-9.068326950073242,0.0009729513361001154
66,3,0,0.0006968612708280215,-7.2682271003723145,0.003298730516215018
1878,3,0,0.0002467948202470799,-8.306706428527832,0.001631487346839409
2751,3,0,0.0008538438415507568,-7.064908027648926,0.003785651958379581
4811,3,0,1.6046928125980752e-05,-11.039977073669434,0.0002549794071148381
4160,3,0,0.0006557531998512204,-7.329070091247559,0.0031655423277722797
5431,3,0,0.0004089765914990698,-7.801443576812744,0.0022983333388360934
867,3,0,0.009607659860080206,-4.63554048538208,0.019420306673210687
2884,3,0,0.00016670363528059696,-8.699126243591309,0.0012500683486207048
1378,3,0,0.06988172064913376,-2.588507652282715,0.0737319585267185
3509,3,0,0.03965667733403265,-3.1870315074920654,0.05033231580606436
553,3,0,0.00033371117013733726,-8.004900932312012,0.0020021428086200105
3989,3,0,0.0009670928483964797,-6.940248489379883,0.004118949244118543
1473,3,0,0.025289621794749712,-3.6517462730407715,0.03720956502271663
523,3,0,0.0013877816294204084,-6.578660011291504,0.005260232745994094
5833,3,1,0.9904187473665085,4.638319492340088,0.9153197310681185
3948,3,0,0.006233890533420891,-5.0715012550354,0.014513023199170024
2297,3,0,0.004679316759129754,-5.359912872314453,0.011960835579820892
974,3,0,0.0005079410120563233,-7.58463716506958,0.0026622032777818333
2789,3,0,0.00022550663070145408,-8.39693546295166,0.0015346040242533335
4050,3,0,0.00012131771842409668,-9.016976356506348,0.0010074681890344334
5744,3,1,0.023036856129013773,-3.7473535537719727,0.03495067148492834
2541,3,0,0.2137312277354411,-1.302579402923584,0.16018502502970872
5811,3,1,0.9994936962093159,7.587867259979248,0.9876881906440684
5657,3,1,0.999550844498963,7.7076921463012695,0.9886400607708856
2803,3,0,7.102515946418172e-05,-9.55240535736084,0.000700393845802259
931,3,0,0.00016712141331066556,-8.696622848510742,0.0012521941426093131
4993,3,0,0.007982929212950697,-4.822434902191162,0.017143701587873046
5029,3,0,0.13697749879573565,-1.8406240940093994,0.11686178279102913
3443,3,0,0.0019114482066135393,-6.257980823516846,0.00653268790031137
133,3,0,0.0002639414933189126,-8.239519119262695,0.0017075749231188749
2587,3,0,0.0014907504624390004,-6.506983757019043,0.005521345670710745
1896,3,0,0.01456120171033443,-4.214726448059082,0.025684360551611274
4051,3,0,0.09691449082861667,-2.2319881916046143,0.09208420414381943
888,3,0,0.000517645095517513,-7.56570291519165,0.0026965864853900146
5717,3,1,0.05555594412840459,-2.8332059383392334,0.06314964326526788
603,3,0,0.0027068521488380743,-5.9092583656311035,0.008265197018423704
4237,3,0,7.834504667726882e-05,-9.454309463500977,0.0007486393298233844
175,3,0,0.0006808560041847046,-7.291478633880615,0.0032471848685962073
4795,3,0,0.013060319618323041,-4.325030326843262,0.023873759425237093
2762,3,0,0.021290536040363545,-3.827972173690796,0.033149144348509504
1702,3,0,0.004556704149445087,-5.3865885734558105,0.011748488115997659
5239,3,0,0.0034860686111473434,-5.65548849105835,0.009805592945206068
2083,3,0,7.163906098408795e-05,-9.543798446655273,0.0007044995435364007
3723,3,0,0.003051447786340193,-5.789083003997803,0.00896221837207375
3421,3,0,0.005433085135856854,-5.2098002433776855,0.013228393928505885
3325,3,0,5.652487849864564e-05,-9.780773162841797,0.0005997735218680388
174,3,0,0.025785510436935867,-3.6318187713623047,0.03769776258000616
2894,3,0,0.00016155843196193932,-8.73048210144043,0.0012237454010627549
114,3,0,0.009597977615236456,-4.636558532714844,0.019407136385103066
5083,3,0,0.00367753389826217,-5.601828575134277,0.01016605649844163
1524,3,0,0.001252279562099052,-6.681536674499512,0.004906784665669248
4026,3,0,0.013874526133244358,-4.263729095458984,0.024864056020895774
2496,3,0,0.0012625975082752568,-6.673320770263672,0.004934121603816817
4611,3,0,0.046555920944127256,-3.0194265842437744,0.05606392459521841
4792,3,0,0.00048265968543966697,-7.635715961456299,0.002571613206059012
1745,3,0,8.065330802969131e-05,-9.425270080566406,0.0007635484935795186
909,3,0,0.020608598214368997,-3.861222982406616,0.03243252083423113
4645,3,0,0.011981791741010722,-4.412312984466553,0.022529854088863533
1130,3,0,6.215200025872017e-05,-9.68586540222168,0.0006397058170093881
1720,3,0,0.02158468795929554,-3.8139500617980957,0.033455912992621205
1645,3,0,0.0006304927799028762,-7.368378162384033,0.0030823593964058407
2363,3,0,0.09605697175398502,-2.2418248653411865,0.09152685484227131
4308,3,0,0.000400733889936112,-7.821812152862549,0.002266810989960665
1186,3,0,0.0017939481964458794,-6.321540832519531,0.006258254759469464
2693,3,0,0.009658327859855268,-4.630229473114014,0.019489156438641565
5327,3,0,0.008580685385552799,-4.749623775482178,0.017997659277823354
2206,3,0,0.004292970817777222,-5.446474075317383,0.011285254261892693
827,3,0,0.08240197176888815,-2.4101500511169434,0.08244952844644214
734,3,0,0.00020505127773117073,-8.492045402526855,0.0014386926174159878
145,3,0,0.009473158826565277,-4.649774551391602,0.0192369557540248
5200,3,0,0.22038467797559194,-1.2634260654449463,0.16379684204911177
1529,3,0,0.000260602285717288,-8.252254486083984,0.0016928853169624796
4037,3,0,0.03985216576806522,-3.181910514831543,0.05049891970016272
2048,3,0,1.873603504894839e-05,-10.885043144226074,0.0002832819144308291
4045,3,0,6.488285110101062e-05,-9.642862319946289,0.0006586636069907301
1235,3,0,0.0009331075234382315,-6.9760565757751465,0.0040203264295924175
2791,3,0,0.008865432927936515,-4.716690540313721,0.01839750061210046
3189,3,0,0.000149686604542386,-8.806817054748535,0.0011619542139785566
3049,3,0,0.00023379362940188425,-8.360837936401367,0.0015726545466701457
3527,3,0,0.003339554783628183,-5.698572635650635,0.009525356149908131
5679,3,1,0.16005054394733054,-1.657852053642273,0.13030283130660217
1816,3,0,0.00033390784201023924,-8.004311561584473,0.0020029432555841546
1158,3,0,0.00013091564935143412,-8.940826416015625,0.0010609194859647778
2065,3,0,0.00042281932030402593,-7.7681427001953125,0.0023508143992507697
1691,3,0,0.002563370158258129,-5.963865756988525,0.007966500332466174
3180,3,0,8.828010247884349e-05,-9.334907531738281,0.0008118663629011086
2787,3,0,7.863695735214431e-05,-9.450590133666992,0.0007505325143022707
3773,3,0,8.224901910725349e-05,-9.40567684173584,0.0007737751556005443
1341,3,0,0.0013638786341590788,-6.596057891845703,0.005198728437433081
5269,3,0,0.011392934491987354,-4.463303565979004,0.02177924266324079
4906,3,0,6.644636209296791e-05,-9.619049072265625,0.0006694020907951005
2200,3,0,0.00029102719040853656,-8.141802787780762,0.001824601882602179
5049,3,0,0.01101538352608449,-4.4973859786987305,0.02129122044274332
2052,3,0,0.03866864025548047,-3.213290214538574,0.04948617572902727
275,3,0,0.0002734600454768093,-8.204081535339355,0.0017491235019018246
3173,3,0,0.03340076869826566,-3.3652050495147705,0.044849958984104626
3382,3,0,0.00013056458675087023,-8.943511962890625,0.0010589871106298464
28,3,0,0.00047255929461120923,-7.656874656677246,0.002534994217533406
1845,3,0,0.0001547301695478183,-8.773673057556152,0.0011883911006520746
4143,3,0,0.031606505328257505,-3.4222755432128906,0.04321756446832086
833,3,0,1.8104886661840427e-05,-10.919310569763184,0.0002767631404330187
5396,3,0,0.0006193278767597869,-7.386256217956543,0.003045250657813717
42,3,0,0.0009401964618532507,-6.968481063842773,0.0040409928781052805
2644,3,0,0.000995074017659456,-6.911697864532471,0.004199306873527433
958,3,0,5.126165966420698e-05,-9.87851619720459,0.0005612506845933175
2886,3,0,0.0005497067988766223,-7.505575656890869,0.0028087366457880004
156,3,0,0.00042087479997419925,-7.772754192352295,0.00234347613655963
2147,3,0,0.0003481363028571816,-7.962568283081055,0.0020604563331257275
3784,3,0,0.1463458026923181,-1.7635538578033447,0.12237649381755449
3907,3,0,0.03746288131214232,-3.2462220191955566,0.04844406011692652
5145,3,0,0.002470935994167585,-6.0006842613220215,0.0077711759617850665
173,3,0,7.843826521394898e-05,-9.453120231628418,0.000749244143886548
5471,3,1,0.03582226533960764,-3.29270601272583,0.04700849036110719
4539,3,0,0.038450516184930485,-3.2191739082336426,0.04929844173381286
264,3,0,0.141448179483324,-1.8033136129379272,0.11950407486023161
1499,3,0,0.019960096280921682,-3.8938581943511963,0.031743736570012115
1232,3,0,1.8470367115237066e-05,-10.899324417114258,0.00028054670305556766
2752,3,0,0.005310416571998095,-5.232760429382324,0.013026260990075466
4732,3,0,0.019468108915255817,-3.9193174839019775,0.031216248828296163
2521,3,0,0.0001244831494790021,-8.991215705871582,0.0010252420732402001
973,3,0,0.0006131071559590107,-7.396357536315918,0.0030244810377742164
5432,3,0,0.004301697275255964,-5.444434642791748,0.011300728832384402
4650,3,0,0.0033373288138536603,-5.699241638183594,0.009521067819667429
826,3,0,0.00412802617595316,-5.485819339752197,0.010990782419474788
5545,3,1,0.9983463121773124,6.403092384338379,0.9728716651535603
4770,3,0,4.9494902127583374e-05,-9.913591384887695,0.0005480381574290922
1312,3,0,0.02465568016007512,-3.677783250808716,0.036580845940407385
3993,3,0,0.00010440639565455121,-9.167115211486816,0.0009098356079016837
4956,3,0,0.0018747359062831392,-6.277410984039307,0.006447549059916006
1665,3,0,0.08255248028319988,-2.408161163330078,0.08255183565441929
2119,3,0,0.0005982090647624924,-7.420971870422363,0.0029744602217250077
1370,3,0,0.0015704384798645716,-6.45482873916626,0.005719407945911517
565,3,0,0.001950017312899134,-6.237965106964111,0.00662156041894842
3391,3,0,0.001825998623438376,-6.303800582885742,0.00633367826983836
5379,3,0,0.0007534328968082031,-7.190116882324219,0.003477936182605929
2279,3,0,0.08014836659104732,-2.4403328895568848,0.0809110473660405
2098,3,0,0.00021774820142375683,-8.431953430175781,0.00149857010947101
5,3,0,0.016608505574661377,-4.081092357635498,0.028057528097746
3653,3,0,0.002520156904036527,-5.980910778045654,0.00787547732579369
5006,3,0,0.00029411021526112375,-8.131261825561523,0.0018376948676824452
4547,3,0,0.0005666628687100919,-7.475179195404053,0.0028671904772703148
3748,3,0,0.002496726625629285,-5.990274906158447,0.007825911342002216
1445,3,0,0.0001404404720288539,-8.870586395263672,0.001112730552730965
5489,3,1,0.9912644112253245,4.731575965881348,0.920104292717124
4684,3,0,0.0015568792476878136,-6.4635138511657715,0.005685942101150265
997,3,0,0.005033674652615785,-5.286558628082275,0.01256450307630154
446,3,0,0.000806288377104897,-7.122262477874756,0.003641466961665807
2105,3,0,0.00020770438031656266,-8.47918701171875,0.0014513008858495434
2610,3,0,0.0053166818749495375,-5.231575012207031,0.013036621942559128
4191,3,0,0.0002792740302469854,-8.183037757873535,0.0017742721532790257
5672,3,1,0.8345974547447108,1.6185673475265503,0.5813371319800504
4040,3,0,0.0005535819204269454,-7.498547077178955,0.002822146421918513
4640,3,0,0.0008372371223509354,-7.08456563949585,0.0037356045962440763
2037,3,0,4.285943683763698e-05,-10.057541847229004,0.0004969909951054076
4144,3,0,0.0017889522320264416,-6.324334621429443,0.006246458453547005
1586,3,0,0.0012764375224475516,-6.662405014038086,0.0049706763744614925
237,3,0,0.03606058949736589,-3.285827875137329,0.04721833053949967
3159,3,0,0.001232079271924449,-6.697819232940674,0.004853051919898719
5075,3,0,0.04159113178713456,-3.13738751411438,0.05196956576533021
5626,3,1,0.9949866696754706,5.290628910064697,0.9439420717574377
2303,3,0,0.0022421958587429645,-6.098054885864258,0.0072772225275126575
5069,3,0,2.7521987140682695e-05,-10.500497817993164,0.000367852683548734
5486,3,1,0.9646473775247569,3.3063900470733643,0.8138547482860854
4719,3,0,0.00022921345472241722,-8.380627632141113,0.0015516789782589956
4608,3,0,0.00021637955756905998,-8.438260078430176,0.0014921708525388014
1396,3,0,0.00018873536286393743,-8.574975967407227,0.0013599619294586917
3149,3,0,0.0044455719699123325,-5.411391258239746,0.01155439449318978
5345,3,0,0.002605615496287724,-5.947477340698242,0.008055000785412759
3266,3,0,0.013690301822048018,-4.27728271484375,0.02464171190942978
3927,3,0,0.0004536659149469562,-7.697695732116699,0.0024658092037833507
2996,3,0,0.8498056616316224,1.7330776453018188,0.6001481318036194
2161,3,0,0.001387609164148085,-6.578784465789795,0.005259790219190186
5278,3,0,0.07215142789897327,-2.5541014671325684,0.0753448008305137
5274,3,0,0.0014268020080790516,-6.550891876220703,0.0053599004456317085
518,3,0,0.00018720118978164942,-8.583139419555664,0.0013524484437499216
1594,3,0,0.004272540975048009,-5.45126485824585,0.011248985666923828
1501,3,0,0.011122427138833034,-4.487607002258301,0.021430139667692735
4054,3,0,0.0005033422923700149,-7.59373664855957,0.0026458351883266056
4524,3,0,0.0016870052159948358,-6.383111953735352,0.006003340693600423
2923,3,0,0.0034948623667663153,-5.652960300445557,0.009822288569541718
2184,3,0,0.008177894387341301,-4.79810905456543,0.01742448138297742
5403,3,0,0.00043803179401887584,-7.732780933380127,0.002407852714179343
2234,3,0,0.03388064866305648,-3.3504433631896973,0.045281663059296484
4153,3,0,0.002022065769893286,-6.201611518859863,0.006786057712219136
953,3,0,0.00023301940702638756,-8.364155769348145,0.0015691182469928595
2335,3,0,0.9884933805052997,4.453259468078613,0.9050491621923513
1571,3,0,0.016238932002344924,-4.103971481323242,0.027636628718549362
36,3,0,9.413862333608819e-05,-9.270648002624512,0.0008480742660530686
3456,3,0,0.0001566203864098612,-8.761528968811035,0.0011982273523088562
3272,3,0,0.00635893818316365,-5.051514625549316,0.014708568579749589
1088,3,0,0.0014788404653267853,-6.515017032623291,0.005491450988712082
3114,3,0,0.03383472040823086,-3.3518474102020264,0.045240432086828854
3351,3,0,0.0010074922742437855,-6.899282932281494,0.004234734737336121
3785,3,0,9.063569342906565e-05,-9.308571815490723,0.0008265149371179981
4748,3,0,0.010346279961394565,-4.560728073120117,0.020412490749242677
1981,3,0,0.0010254268028682318,-6.881620407104492,0.0042856508788028744
623,3,0,0.24984930877754002,-1.0994161367416382,0.1796399355680832
1789,3,0,0.0013081246973480182,-6.637851715087891,0.005053888360813716
1247,3,0,0.0010651534237562767,-6.843570709228516,0.0043974179009220035
1147,3,0,0.022764289243905653,-3.7595348358154297,0.03467253395477981
5728,3,1,0.0015806908662941732,-6.4483113288879395,0.005744649662770258
1920,3,0,0.004915105057085436,-5.3105149269104,0.01236411851077457
4569,3,0,0.008069850650757725,-4.811517715454102,0.01726915851370796
1222,3,0,7.66631161668546e-05,-9.47601318359375,0.0007376866538092497
594,3,0,0.11970058614357483,-1.9952685832977295,0.10644483310107192
2311,3,0,0.019314389478870077,-3.927401542663574,0.031050537717937365
2211,3,0,0.0020292539620421187,-6.198055744171143,0.006802363620386227
1487,3,0,0.0015151059544230327,-6.490753650665283,0.005582238353299418
1724,3,0,0.00013259777274375148,-8.928057670593262,0.0010701554866219072
3910,3,0,8.689366546953956e-05,-9.350738525390625,0.0008031859086716787
4166,3,0,0.0007330815645009934,-7.217520236968994,0.003413986954500329
5232,3,0,0.016457011070637573,-4.090409755706787,0.02788537293920073
5476,3,1,0.979740492428579,3.8786635398864746,0.8657803014490039
1893,3,0,0.005289308408339104,-5.236764430999756,0.012991324684158574
4263,3,0,0.0032098774626000276,-5.738307476043701,0.009273942607094725
834,3,0,0.00017062091624757506,-8.675895690917969,0.001269934177691864
5515,3,1,0.4765171109407002,-0.09400071203708649,0.30247472427223815
5782,3,1,0.7456359187709829,1.0754708051681519,0.4897999176799572
3390,3,0,0.0017282630166982255,-6.358908653259277,0.00610229130268392
1748,3,0,0.007940946141978935,-4.827750205993652,0.017082944331756268
1766,3,0,0.013235146502636042,-4.311555862426758,0.02408808083360967
1945,3,0,0.002066572221894984,-6.179795265197754,0.006886716697500088
2966,3,0,0.0012014889761953046,-6.722991466522217,0.004771133212302183
3867,3,0,0.0027684381739980783,-5.886699676513672,0.008391808486045238
1419,3,0,0.00047453369467050554,-7.652703285217285,0.002542172140517749
1078,3,0,0.0030132443135708654,-5.801720142364502,0.008886263263105473
5745,3,1,0.9979964722209939,6.210840225219727,0.9692020530319854
171,3,0,0.0009701234589885628,-6.937116622924805,0.004127688778329215
5574,3,1,0.9768724582680441,3.7433319091796875,0.8547293335348519
4490,3,0,0.2232197854610445,-1.2470005750656128,0.16533144749870513
5134,3,0,0.0008674121485296786,-7.049128532409668,0.003826308662938459
2030,3,0,0.01228283436241495,-4.38719367980957,0.022908859853781178
3900,3,0,0.01590110798375094,-4.125337600708008,0.027249107074728596
641,3,0,0.0007441264461704629,-7.202555179595947,0.0034487632084517516
2043,3,0,0.0004600891951891405,-7.683629989624023,0.0024894329970069897
1580,3,0,4.840658453753639e-05,-9.935826301574707,0.0005398239149211857
5636,3,1,0.5641048848013228,0.25783854722976685,0.3551580274708969
4306,3,0,0.025926782265651892,-3.6262099742889404,0.03783627698050702
1803,3,0,0.00020015502623810708,-8.516218185424805,0.0014152853837451542
3634,3,0,0.004166155226459577,-5.476586818695068,0.01105919170429184
1137,3,0,0.0009690758860688881,-6.938198089599609,0.00412466883915198
2646,3,0,0.008775358554512842,-4.726993560791016,0.018271483936652767
2034,3,0,0.0005883291874753452,-7.43763542175293,0.0029410659009236908
1238,3,0,0.00033914963020863177,-7.988729953765869,0.0020242214600508413
5800,3,1,0.99293497733668,4.94550895690918,0.9301598143997863
5506,3,1,0.25064604761918235,-1.0951696634292603,0.18006560248359255
4317,3,0,0.027688120901171457,-3.558673143386841,0.0395430036910708
2086,3,0,0.006866729798295842,-4.97417688369751,0.015489975360233593
1902,3,0,0.31802126918233325,-0.7628802061080933,0.2158375918742366
2750,3,0,0.034229291052143035,-3.3398447036743164,0.04559405807842982
3207,3,0,0.00011920429339627969,-9.034552574157715,0.0009955182458735658
5284,3,0,5.890948690620469e-05,-9.739449501037598,0.0006168446835099609
1181,3,0,0.006620157449479064,-5.010993957519531,0.015113013442375794
5223,3,0,0.0024886393749978465,-5.993527412414551,0.007808767770970482
2725,3,0,9.414481761021473e-05,-9.27058219909668,0.0008481121588794659
562,3,0,0.0016390192529783362,-6.412016868591309,0.005887256087445026
3572,3,0,0.0014474149638550463,-6.536527633666992,0.005412192619868716
2035,3,0,0.009468072829223666,-4.6503167152404785,0.019230005722354875
651,3,0,0.12226838280666832,-1.97112238407135,0.10801567088727701
5105,3,0,0.08582928307743791,-2.365657091140747,0.08476599768595125
5017,3,0,0.0031942954147531873,-5.743189334869385,0.009243510707586269
2464,3,0,0.02240231885693091,-3.7759337425231934,0.03430146289301122
88,3,0,0.001617082532893582,-6.42551326751709,0.00583382027189623
721,3,0,0.008390056273514246,-4.772282600402832,0.017727525613132337
5231,3,0,0.00994967946059984,-4.600215435028076,0.01988276523721731
4140,3,0,4.1229811417193264e-05,-10.096307754516602,0.0004840754445614192
5337,3,0,0.04217301266560217,-3.1228866577148438,0.05245722434859585
2472,3,0,9.839386015334465e-05,-9.226433753967285,0.00087392006793632
731,3,0,0.00017131979126818877,-8.671807289123535,0.0012734629004223373
5620,3,1,0.9997569804059693,8.322125434875488,0.9924885448460629
3997,3,0,0.0031635000061248125,-5.752907752990723,0.009183223485520819
2032,3,0,0.012599012044042361,-4.361457824707031,0.023303623950059287
3441,3,0,0.000533239531448357,-7.536006450653076,0.0027514072152492472
5705,3,1,0.999978143272223,10.730979919433594,0.9985296243482613
5285,3,0,0.00015733601758032196,-8.756969451904297,0.0012019413486149897
838,3,0,0.00028081459487898895,-8.177535057067871,0.001780907551442827
2484,3,0,0.00021932700003680653,-8.424727439880371,0.001505935900434764
5583,3,1,0.00017135769388783697,-8.671586036682129,0.001273654143726705
3260,3,0,0.00016159417533723368,-8.730260848999023,0.0012239291871520503
4848,3,0,0.00386786215158087,-5.551177978515625,0.010518324593789891
67,3,0,0.015333998451417667,-4.162230014801025,0.02659238123587498
3754,3,0,0.00020754739299735003,-8.47994327545166,0.0014505562885993
4456,3,0,0.0006249969382844016,-7.377138614654541,0.0030641196986356213
3115,3,0,0.05812739162940626,-2.7852330207824707,0.06510605612569433
3847,3,0,0.008544936631129875,-4.7538347244262695,0.017947153352938956
774,3,0,0.00015027538241673972,-8.80289077758789,0.0011650550294745878
4737,3,0,0.041325274929204944,-3.1440775394439697,0.05174602981141263
1669,3,0,0.024819981291584477,-3.670973062515259,0.0367442987942639
3853,3,0,0.00025266542424007813,-8.283191680908203,0.0016577241436324334
2924,3,0,0.001995262287027889,-6.214982509613037,0.006725088342656308
3045,3,0,0.006211079807556749,-5.07519006729126,0.014477213588845716
492,3,0,0.0015118568067694828,-6.492903709411621,0.0055741334732558965
4590,3,0,0.0017757168946515574,-6.33177375793457,0.006215155583100018
1402,3,0,0.00021245198587492472,-8.456582069396973,0.0014737341808473451
345,3,0,3.774089271185493e-05,-10.184728622436523,0.0004558578547207109
2182,3,0,0.0007127060797447633,-7.245728492736816,0.003349383192751783
192,3,0,0.0006063203974545764,-7.407495498657227,0.0030017436183424444
5129,3,0,0.0013834375449872985,-6.581799507141113,0.0052490808493566915
1444,3,0,8.547127568335563e-05,-9.367244720458984,0.0007942339675177638
2422,3,0,0.00027147718766853463,-8.211360931396484,0.0017405072529930322
2643,3,0,0.21215943163283196,-1.3119577169418335,0.15932952110367088
3499,3,0,0.1456886838254876,-1.7688236236572266,0.12199239505395991
3767,3,0,0.3353553224833623,-0.6840619444847107,0.22504099008312017
912,3,0,0.0034403869364049095,-5.66872501373291,0.009718639401230975
2002,3,0,0.045609766118460994,-3.0409507751464844,0.055294852676203314
4285,3,0,0.0004594206374980628,-7.685084819793701,0.002486979139378868
5214,3,0,0.0012380871981982268,-6.692948818206787,0.004869062708787245
4362,3,0,1.8495061367445456e-05,-10.897988319396973,0.00028080147483203357
1275,3,0,0.011393143950470693,-4.463284969329834,0.02177951190950397
2612,3,0,0.0004758402519768544,-7.649952411651611,0.002546916818857824
1566,3,0,0.0020280327688206442,-6.1986589431762695,0.006799594760030616
3940,3,0,0.12704568753459103,-1.9273364543914795,0.11091617917351726
1193,3,0,0.005163913154982551,-5.260883331298828,0.012782826594366845
3660,3,0,0.020138435020940232,-3.8847811222076416,0.03193388017628076
2254,3,0,0.0161811852990161,-4.107592582702637,0.027570577275565562
134,3,0,0.5788661522489336,0.3181205689907074,0.3645947014169304
5366,3,0,0.0002151462506834732,-8.443977355957031,0.0014863932039454039
3594,3,0,0.38429697471294766,-0.4713491201400757,0.2512465905006691
1231,3,0,0.0006066429410946368,-7.406963348388672,0.0030028260813225456
5210,3,0,0.002463322225425747,-6.003777980804443,0.007754981636164131
5097,3,0,0.0014252993275701829,-6.551947116851807,0.005356078778420589
3516,3,0,0.37462873892455845,-0.5124099850654602,0.2460338304381194
668,3,0,0.00034206215670691873,-7.980175971984863,0.0020359985183712056
1940,3,0,0.0006679567998559021,-7.310618877410889,0.0032053564456446426
10,3,0,0.0001363316341104651,-8.900283813476562,0.0010905234148793819
928,3,0,0.009174003605420976,-4.682165145874023,0.018826030335799222
5544,3,1,0.9967624583106464,5.729698181152344,0.9577934406275086
2670,3,0,0.8956246199372722,2.1495275497436523,0.6657640741205054
5372,3,0,0.00479283976834809,-5.335827827453613,0.012155815158996669
5452,3,1,0.10685988578553633,-2.123224973678589,0.09845270260452885
1912,3,0,0.3768226431145714,-0.503056526184082,0.2472148356679232
2224,3,0,0.07391147865954655,-2.528101682662964,0.07658501020757381
1535,3,0,0.001827039248872517,-6.303229808807373,0.00633611988204374
4963,3,0,0.00019379972132323913,-8.548491477966309,0.0013846259228997683
2898,3,0,0.00014006160085635558,-8.87328815460205,0.0011106916893533956
4386,3,0,0.005991448988165172,-5.111412525177002,0.014130172466259335
1777,3,0,0.004815043944702178,-5.331183433532715,0.012193773143564459
2935,3,0,0.0008226688905213744,-7.102133750915527,0.0036914350767398543
346,3,0,8.203056195817438e-05,-9.408336639404297,0.0007723788898366662
3218,3,0,0.00016990739385516014,-8.680087089538574,0.0012663266952822883
5627,3,1,0.1140181574452895,-2.0503387451171875,0.10293735254782554
211,3,0,5.91243058131092e-05,-9.735809326171875,0.0006183715442409978
2503,3,0,0.000712761776734714,-7.245650291442871,0.0033495605977665933
1873,3,0,0.5863139100063209,0.3487478792667389,0.36942988209478717
1421,3,0,0.00021403157050235307,-8.449172973632812,0.0014811620993854559
384,3,0,0.00044052478208574775,-7.727103233337402,0.0024171385748315223
2744,3,0,0.001442258048813483,-6.540102005004883,0.005399133102986692
4418,3,0,0.0005288893284523342,-7.5442023277282715,0.0027361672415587932
3287,3,0,0.0003568957742012098,-7.937709808349609,0.0020954857598224287
2259,3,0,1.2357439039412986e-05,-11.301239967346191,0.0002135088850582121
4675,3,0,0.0348289307200783,-3.32185697555542,0.04612894752744706
1140,3,0,0.0016873939464343906,-6.382881164550781,0.006004276658861827
3234,3,0,0.0026577825411847476,-5.9276018142700195,0.008163641652646913
3881,3,0,0.0065904553158493825,-5.0155205726623535,0.01506729450699163
2962,3,0,0.0002805868486323044,-8.178346633911133,0.001779927361417257
5334,3,0,0.0034341996365268657,-5.670531272888184,0.009706833055126988
5095,3,0,0.0030348198777752308,-5.7945637702941895,0.008929197717664553
499,3,0,0.006806061521816657,-4.983112335205078,0.015397645344567015
1976,3,0,0.07122762767642497,-2.5679829120635986,0.07469022343167298
3787,3,0,0.001953633466242707,-6.236108779907227,0.006629863372618093
5092,3,0,0.0005770515787328244,-7.457001686096191,0.002902724658475212
1115,3,0,0.01571015185399163,-4.137613296508789,0.027028854573511084
4087,3,0,4.3777181656388924e-05,-10.036354064941406,0.0005041950674287022
4129,3,0,0.015605549086759887,-4.144400119781494,0.02690782827428815
189,3,0,0.060808127301263226,-2.7372963428497314,0.06711719547038714
647,3,0,0.0009139407422374472,-6.996830463409424,0.003964192577970431
2872,3,0,0.00226698128153395,-6.087036609649658,0.007331515447393916
4709,3,0,0.009937314722042805,-4.601471424102783,0.019866138944397236
3924,3,0,0.0024641284935988453,-6.0034499168396,0.0077566973253155895
5822,3,1,0.9982774787670153,6.362242221832275,0.9721293031685354
713,3,0,0.005359545413448062,-5.223502159118652,0.013107398030348058
310,3,0,0.0005545142607810195,-7.49686336517334,0.0028253682307619087
2824,3,0,0.000968663264483971,-6.938624382019043,0.004123479044539689
2190,3,0,0.0024093518731093397,-6.025985240936279,0.007639714654260043
1393,3,0,0.2106375806777068,-1.3210865259170532,0.15850033765921073
5795,3,1,0.9106098893788396,2.3211045265197754,0.6911895464192905
2150,3,0,0.26769784570538824,-1.0063343048095703,0.18915142269716015
3210,3,0,0.004361856109613017,-5.43048620223999,0.011407128983008942
1146,3,0,2.7355565922343043e-05,-10.506563186645508,0.00036634013271280564
570,3,0,0.0005917636329369736,-7.431811332702637,0.0029526948632319755
5331,3,0,0.000260994658403983,-8.250749588012695,0.001694614547286107
5086,3,0,0.2046011178616711,-1.3577814102172852,0.15520259070601516
46,3,0,0.00025437191121023425,-8.276458740234375,0.00166531376059987
749,3,0,0.00306716613263681,-5.783929347991943,0.008993378623008719
5569,3,1,0.8697396745752531,1.8986589908599854,0.6268217663755242
4980,3,0,0.0006805313207397195,-7.291955947875977,0.003246135177794212
2003,3,0,0.0009529250689165555,-6.955020904541016,0.00407797434341878
765,3,0,0.000988152891199938,-6.918684482574463,0.004179499458145111
5080,3,0,0.004191180107327973,-5.4705729484558105,0.011103978349207278
438,3,0,0.0005333007809775447,-7.535891532897949,0.0027516215018502806
4329,3,0,0.00022231627830536965,-8.411187171936035,0.0015198356033953354
4813,3,0,0.0025898028091413733,-5.953580379486084,0.008021929870416033
5362,3,0,0.0003159347070973824,-8.059659004211426,0.0019291496934400784
3425,3,0,0.0008311839739245443,-7.091827869415283,0.003717282507315465
78,3,0,0.00045644315936566434,-7.691589832305908,0.002476036634136477
525,3,0,0.00030849008827768163,-8.083512306213379,0.0018981892761965066
779,3,0,0.0306114393732774,-3.455291748046875,0.04229925934370265
2899,3,0,0.0005660585427917057,-7.4762468338012695,0.0028651169496929367
1849,3,0,0.0005449054147780109,-7.514353275299072,0.0027920790808781495
3658,3,0,0.3413976239921419,-0.657072126865387,0.22825580915575344
4255,3,0,0.0007310873074687805,-7.220246315002441,0.0034076897445766323
4897,3,0,0.00048190850289718756,-7.637274265289307,0.0025688983708468294
4778,3,0,0.00016011500624049253,-8.739458084106445,0.0012163125855473795
202,3,0,0.010136682289026616,-4.581406116485596,0.020133392375255365
2240,3,0,0.004977905519667878,-5.297755718231201,0.012470448042986892
5618,3,1,0.9976190554619347,6.037874221801758,0.9654932106082866
4922,3,0,0.0004891733009857418,-7.622304439544678,0.0025950970137069112
2029,3,0,0.0001583613047999474,-8.750473022460938,0.0012072529454325992
4013,3,0,0.0018604411292429503,-6.285079479217529,0.006414251550377341
2302,3,0,0.00020823183834292334,-8.47665023803711,0.0014538013144406664
188,3,0,0.0018287566612243224,-6.30228853225708,0.006340148443466473
5408,3,0,0.015574813158023006,-4.146402835845947,0.02687221555672352
5669,3,1,0.9982981867238737,6.3743577003479,0.972351510199659
348,3,0,3.368055099759058e-05,-10.298556327819824,0.0004219392485950639
4559,3,0,0.0007732113892010333,-7.1641845703125,0.003539551399278715
5184,3,0,0.0008578789997790815,-7.060189247131348,0.003797764832552604
5020,3,0,0.003766755569119004,-5.577767372131348,0.010331918763972723
2623,3,0,0.002697776909140363,-5.912625789642334,0.00824646042364614
4583,3,0,0.027625454670423003,-3.5610034465789795,0.03948290346994564
4818,3,0,0.021479644479621474,-3.8189358711242676,0.0333465232618758
5558,3,1,0.9782421942234037,3.8057847023010254,0.8599201696116875
4064,3,0,0.0010846778293517043,-6.825387001037598,0.00445185077190298
5726,3,1,0.8964112821707403,2.157970905303955,0.6670396526899562
5015,3,0,0.0296764754964133,-3.4872748851776123,0.041427492348379495
2334,3,0,0.001263265721619214,-6.672791004180908,0.004935889496722468
3503,3,0,0.013127366866914358,-4.3198418617248535,0.023956064698838538
2983,3,0,0.0011635986128274655,-6.755073547363281,0.0046687193353132355
3599,3,0,0.00013256161631324873,-8.928330421447754,0.001069957361045725
5256,3,0,0.0070029397500801375,-4.954397678375244,0.015696296349342425
4287,3,0,0.0004280253979298901,-7.755899906158447,0.002370407753833701
516,3,0,0.017881702887330247,-4.00593376159668,0.02948445377301233
4311,3,0,0.2223723479759371,-1.2518945932388306,0.1648730056134819
230,3,0,0.0029122890524839362,-5.835899353027344,0.008684011603691123
3659,3,0,0.001177925086423374,-6.742822170257568,0.004707567922944441
5788,3,1,0.7052233048279023,0.8722963929176331,0.4553996708050654
1900,3,0,0.00018187222170328192,-8.612024307250977,0.0013261946352985635
2863,3,0,0.00011045096880217416,-9.110828399658203,0.0009452780860024066
5624,3,1,0.8257477043149496,1.555785059928894,0.5709186131398288
2628,3,0,3.558342183551633e-05,-10.243595123291016,0.00043798959037828517
2839,3,0,0.05767099677125097,-2.793600082397461,0.064760820463931
815,3,0,0.05978647925896919,-2.7553274631500244,0.0663540393693374
1482,3,0,0.00034817264704425915,-7.962463855743408,0.002060602258196739
3759,3,0,0.0028057657281952554,-5.873269081115723,0.008468099545342537
1259,3,0,0.38160058663696506,-0.48276007175445557,0.24979061366649652
2163,3,0,0.0006439384042535471,-7.347263336181641,0.0031267675785973193
729,3,0,0.006807799097933952,-4.982855319976807,0.01540029350023957
2784,3,0,0.0008303096476877633,-7.092881202697754,0.0037146324674118764
1625,3,0,9.550927983638437e-06,-11.558862686157227,0.0001792247610167254
2274,3,0,0.000770246219868253,-7.16802978515625,0.0035303469390836366
2867,3,0,6.211715980651938e-05,-9.686426162719727,0.0006394622435994864
2998,3,0,0.0014042738505296052,-6.566829681396484,0.005302467745859577
4915,3,0,7.53167674990733e-05,-9.493732452392578,0.000728863544951707
2253,3,0,0.002865125346779079,-5.852273941040039,0.008588740051244059
3937,3,0,0.00018844495415122929,-8.576516151428223,0.0013585411901036284
3377,3,0,9.517349871062484e-06,-11.562384605407715,0.0001787963971322343
2266,3,0,0.0001679466602045254,-8.691696166992188,0.0012563882553413873
3201,3,0,0.0039797231810283825,-5.522555351257324,0.010722704125498786
1511,3,0,0.0006968815266472971,-7.268198013305664,0.0032987955065466924
2455,3,0,0.0028100542492852714,-5.871737480163574,0.008476843203898429
4722,3,0,0.45953745753364245,-0.16220487654209137,0.2927861992676114
2982,3,0,0.003531446797483944,-5.642509937286377,0.009891599633336997
412,3,0,0.00021345014202477536,-8.45189380645752,0.0014784300208926888
5601,3,1,0.9674043841191502,3.3904387950897217,0.8223530175874608
5076,3,0,0.0015160223635895481,-6.490148067474365,0.00558452327932159
655,3,0,0.0019904616056338692,-6.217396259307861,0.006714140184737616
3410,3,0,0.06135800056107522,-2.727708578109741,0.06752630168163158
3990,3,0,0.031518536998099235,-3.4251534938812256,0.043136766284993515
4606,3,0,0.0014820561616134512,-6.512841701507568,0.005499530242216463
977,3,0,0.00035431641421620905,-7.944965839385986,0.0020851999209269465
1023,3,0,0.0014546763970796983,-6.531516075134277,0.005430556042296481
4346,3,0,0.03872210079237577,-3.21185302734375,0.04953213567201141
2237,3,0,0.0015550073040133973,-6.464718818664551,0.005681314474853315
4714,3,0,0.000362565351902374,-7.921943187713623,0.0021180107146310137
382,3,0,3.589452147399633e-05,-10.23488998413086,0.00044058715315407654
2885,3,0,0.0002398608382416533,-8.335211753845215,0.0016002375454874714
4369,3,0,0.006649601976494355,-5.006526470184326,0.0151582691096085
831,3,0,0.018946090099877452,-3.9470298290252686,0.030651723333278525
3444,3,0,0.00012780560313303032,-8.964872360229492,0.0010437419878579655
2505,3,0,0.015911908631990355,-4.124647617340088,0.0272615385171174
536,3,0,0.0032806682504794163,-5.716422080993652,0.009411593266852094
4941,3,0,0.006758602443371733,-4.990157604217529,0.015325228734922201
496,3,0,0.006981409531335573,-4.957498550415039,0.015663772666752365
1215,3,0,0.0018584976356640496,-6.286126613616943,0.0064097180469217165
5004,3,0,0.005183952969711329,-5.2569899559021,0.012816258300690274
1325,3,0,1.1007154937605472e-05,-11.416954040527344,0.00019736583764863927
1534,3,0,0.09478393938632357,-2.2565736770629883,0.09069686579116447
2740,3,0,0.0019859654117669674,-6.219662189483643,0.006703878609133003
1321,3,0,0.005789979831427106,-5.145819664001465,0.013808122900324554
5032,3,0,9.330141077447159e-05,-9.279582023620605,0.0008429453022512832
2697,3,0,0.00010232492834399966,-9.187254905700684,0.0008974792630368096
4047,3,0,0.0013368597751685855,-6.61609411239624,0.0051287830305708675
5430,3,0,9.07656894916592e-05,-9.307138442993164,0.0008273197493590826
750,3,0,0.03867793843021681,-3.2130401134490967,0.04949417082869433
2457,3,0,0.6960844717563444,0.8287212252616882,0.44806572834072395
2580,3,0,0.023805695912962575,-3.7137367725372314,0.03572944902023789
4371,3,0,0.0074521456933064716,-4.891773223876953,0.01636754084906414
3204,3,0,0.0019018032961405976,-6.263049125671387,0.006510372598566091
3534,3,0,0.00249583848865779,-5.990631580352783,0.007824029533618902
2239,3,0,0.0029539060423214567,-5.82166862487793,0.008767659950414723
1463,3,0,0.00013527328720390282,-8.90807819366455,0.001084768641183504
4062,3,0,0.0319098566200844,-3.412410259246826,0.043495629353297524
3545,3,0,0.00457110357887791,-5.383419036865234,0.011773522375625222
4004,3,0,0.00022977448912685761,-8.378182411193848,0.0015542555251472172
355,3,0,0.00047539368457397743,-7.6508917808532715,0.0025452956122561706
1874,3,0,0.0023136353767432825,-6.066618919372559,0.00743318929864458
1471,3,0,0.00043320572129719925,-7.7438645362854,0.002389827936391122
871,3,0,0.0017803140828284356,-6.329183578491211,0.006226036975302319
1038,3,0,0.055498252588677716,-2.834306001663208,0.06310543029414147
3480,3,0,0.001171795133882452,-6.748045921325684,0.004690964443566568
2204,3,0,0.005078369519822432,-5.277673721313477,0.012639633937663422
5442,3,1,0.2806144128932168,-0.9414159655570984,0.1960106468986173
2989,3,0,0.00016244912572814933,-8.724983215332031,0.0012283213000927387
2875,3,0,0.0029153964593576238,-5.834829807281494,0.008690270815967188
1016,3,0,0.00040360158108949327,-7.81467866897583,0.002277801362899976
4110,3,0,0.0010040274169164968,-6.902731418609619,0.00422486421965399
4271,3,0,0.004661995171733431,-5.363638877868652,0.011930949062354689
1083,3,0,0.0004523238383853664,-7.70065975189209,0.0024608596515798085
3299,3,0,0.006862984706903256,-4.97472620010376,0.015484283586773203
732,3,0,0.0028955828284626672,-5.841669082641602,0.008650322899957213
5117,3,0,0.0007554038330648,-7.187502384185791,0.0034840994748498123
405,3,0,0.0018305462568670835,-6.301308631896973,0.006344345014456087
2775,3,0,0.0022101757347907005,-6.112470626831055,0.007206790758458074
5794,3,1,0.002120587541871773,-6.153939247131348,0.007007936455776493
5779,3,1,0.4267708545774864,-0.2950383126735687,0.27445023993146345
5562,3,1,0.9998829567249953,9.052849769592285,0.9954149692856605
2707,3,0,6.325181275185644e-05,-9.668323516845703,0.0006473723534269554
4874,3,0,0.0003150696316147726,-8.06240177154541,0.0019255642253193951
4961,3,0,0.09457704226163481,-2.2589874267578125,0.09056167897623464
3858,3,0,0.0025448544858790996,-5.971133708953857,0.007927561433955612
1679,3,0,0.00982907166376865,-4.612533092498779,0.019720295966883912
1958,3,0,0.013151121788555186,-4.318009853363037,0.02398519214579926
255,3,0,8.760936738447356e-05,-9.342535018920898,0.0008076724175642488
2228,3,0,0.0013487308069853243,-6.607241630554199,0.005159570393703972
3011,3,0,0.001976966717117537,-6.224212646484375,0.006683318269773817
2277,3,0,0.01000885887258205,-4.5942254066467285,0.019962246619337
704,3,0,0.0004561884796951592,-7.692148208618164,0.0024750995941662194
5346,3,0,2.835528434784132e-05,-10.47066879272461,0.0003753826291748469
4674,3,0,0.0008979517651243512,-7.014495849609375,0.003917072946646404
1189,3,0,0.002275418071233915,-6.083313465118408,0.007349952099369579
2151,3,0,0.00012048695985632939,-9.023848533630371,0.0010027788787109846
859,3,0,0.02742535647107107,-3.56847882270813,0.03929069868532156
2050,3,0,6.034206712596667e-05,-9.715420722961426,0.0006269935725095115
5751,3,1,0.5786292154778248,0.31714871525764465,0.3644417139146818
2684,3,0,0.001049488588658473,-6.858402252197266,0.004353510760030433
7,3,0,9.464493127838245e-05,-9.265283584594727,0.0008511689139620053
939,3,0,0.00012986813107327235,-8.948861122131348,0.001055148612694519
