row_id,raw_margin
203,-7.711987495422363
3772,-3.7160751819610596
3897,-3.4843907356262207
3035,-8.859628677368164
1925,-6.57282829284668
657,-8.684601783752441
1657,-5.811018943786621
5135,-5.361123561859131
4474,-9.361656188964844
1776,-4.737103462219238
3343,-5.748627185821533
5685,7.211400985717773
3125,-2.0560474395751953
3262,-4.966206073760986
3027,-8.610908508300781
3565,-6.74415397644043
1141,1.0714246034622192
4945,-6.072450637817383
3987,-8.579185485839844
2349,-11.679262161254883
4349,-9.033974647521973
4589,-8.721625328063965
1627,-6.063990116119385
4883,-10.320688247680664
5221,-8.245009422302246
5228,-10.830192565917969
4127,-8.604774475097656
3593,-0.285145103931427
219,-5.97628116607666
2822,-8.429390907287598
1822,-1.6259331703186035
2690,-8.307439804077148
1966,-6.383906364440918
2776,-2.177157402038574
3688,-5.381303787231445
1114,-2.723966598510742
4826,-8.657221794128418
2995,-8.267899513244629
1629,-8.409565925598145
723,-9.196946144104004
3198,-9.543063163757324
2938,-7.005066871643066
5692,2.264315128326416
5068,-3.609409809112549
935,-10.05679702758789
2382,-7.670988082885742
676,-8.087339401245117
783,-5.752249240875244
120,-10.174583435058594
4326,-7.290175437927246
5661,6.596067428588867
5192,-3.241546154022217
2911,-8.642494201660156
3007,-5.118539810180664
809,-5.820271968841553
4201,-7.204732418060303
5578,7.345254421234131
4733,-5.753450870513916
212,-8.3497314453125
4971,-6.405612468719482
4389,-6.255322456359863
4268,-9.87947940826416
1043,-6.547219276428223
2089,-4.013386249542236
2611,-1.740492343902588
3876,-7.337771892547607
3882,-6.144540309906006
5821,1.6745728254318237
508,-9.3648042678833
354,-6.11283016204834
3500,-6.488298416137695
1546,-6.393941402435303
1755,-6.053093433380127
1775,-9.054766654968262
1087,-5.574121475219727
3245,-7.921079635620117
2813,-9.019582748413086
287,-7.923140048980713
4973,-9.271659851074219
3005,-3.736417293548584
3667,-4.17479133605957
330,-8.183685302734375
1371,-8.512041091918945
187,-7.981561660766602
462,-8.63996410369873
5344,-7.938004493713379
14,-9.183978080749512
3248,-1.7886310815811157
5729,10.074641227722168
4338,-5.703446388244629
5003,-4.388792991638184
1316,-2.725224733352661
3605,-4.151793003082275
117,-8.08279037475586
2452,-7.543490409851074
2194,-6.399529457092285
2635,-2.0643258094787598
2153,-10.60165023803711
4041,-2.271204948425293
4390,-6.877739429473877
3239,-2.1105360984802246
3350,-4.49615478515625
4783,-5.583795070648193
1956,-6.679248332977295
3517,-5.468762397766113
3938,-3.3754751682281494
347,-8.587416648864746
1347,-7.714146137237549
3170,-4.191535472869873
5146,-8.242756843566895
2248,-9.730620384216309
62,-8.814651489257812
4210,-9.271384239196777
1859,-3.207319974899292
4253,-10.086771011352539
4519,-8.870434761047363
4275,-8.737702369689941
4108,-7.509329795837402
1652,-7.830074787139893
2702,-9.458013534545898
4494,-9.48618221282959
3568,-8.72728157043457
5781,3.113921880722046
2085,-5.12827730178833
5710,-5.343766689300537
4862,-3.456864595413208
3829,-9.92595100402832
618,-4.325098991394043
476,-5.843648910522461
4827,-5.572110176086426
5182,-7.340920925140381
338,-8.019482612609863
1950,-6.996936321258545
2591,-6.670958042144775
4835,-5.960639953613281
4567,-6.5274505615234375
2339,-7.561534881591797
2122,-1.9408937692642212
103,-10.798789024353027
2645,-3.1426799297332764
690,-7.7121968269348145
1225,-11.503853797912598
5067,-7.299392223358154
2689,-7.4938530921936035
1163,-5.715637683868408
64,-9.265033721923828
2821,-7.305795669555664
2252,-7.215485572814941
728,-5.888812065124512
3101,-5.813103675842285
3553,-9.056194305419922
3274,-3.8505234718322754
3801,-5.1569600105285645
4555,-3.092979907989502
942,-10.079461097717285
4538,-7.878575801849365
872,-8.767282485961914
3576,-5.77894401550293
1812,-9.38608455657959
368,-4.056921482086182
4376,-7.348068714141846
1407,-4.64394998550415
5355,-6.072666168212891
5393,-6.063551902770996
4411,-6.264684677124023
2597,-4.399862766265869
2494,-11.003233909606934
1537,-8.236626625061035
4693,-2.385928153991699
5803,3.5244133472442627
1412,-6.912683963775635
413,-10.62195110321045
3413,-8.3677978515625
218,-9.23397445678711
4512,-8.364906311035156
2700,-7.900660037994385
5399,-7.422659873962402
4034,-8.781998634338379
3455,-4.245880126953125
812,-6.30742073059082
4627,-8.147435188293457
5111,-7.386155605316162
1497,-8.414957046508789
766,-9.542179107666016
5061,-4.794431209564209
2054,-8.94801139831543
3663,-8.943435668945312
4612,-8.963481903076172
5563,-2.2527828216552734
4967,-5.797138690948486
5665,8.233720779418945
892,-11.661577224731445
5505,-2.7126948833465576
2488,-6.675686836242676
2227,-10.06845474243164
1778,-7.894813537597656
2388,-9.207528114318848
1096,-6.875164985656738
5021,-10.113475799560547
3489,-6.034199237823486
3306,-8.800068855285645
1673,-5.837536811828613
5280,-9.397875785827637
243,-4.108179569244385
1577,-0.8595924377441406
1869,-0.8697494268417358
3452,-8.728456497192383
5371,-9.691169738769531
1218,-9.177056312561035
1943,-7.904907703399658
587,-5.794788360595703
4886,-6.229451656341553
1452,-7.928912162780762
4910,-8.685596466064453
2038,-5.814757347106934
1165,-7.130627155303955
860,-6.129745960235596
2882,-5.329385757446289
2155,0.01273563876748085
3580,-7.45552921295166
372,-9.946160316467285
2949,-4.874777317047119
132,-7.809883117675781
4240,-6.808816909790039
3636,-7.8287529945373535
3132,-7.301867961883545
1639,-8.713796615600586
2617,-6.719346523284912
4380,-7.429346084594727
3211,-8.281892776489258
4909,-5.361686706542969
3755,-9.70983600616455
4149,-9.342751502990723
2652,-4.0376057624816895
4790,-2.186358690261841
2360,-6.089409351348877
3984,-3.697411298751831
221,-9.072705268859863
1428,-5.013644695281982
4560,-7.692582607269287
2917,-9.673398971557617
3526,-6.900588512420654
2292,-4.905898571014404
3108,-8.253939628601074
4460,-4.490264415740967
1120,-7.329800605773926
2528,-8.035725593566895
107,-11.339286804199219
4065,-9.163832664489746
4931,-4.576986312866211
4520,-9.368355751037598
5659,1.8229784965515137
1292,-10.172308921813965
4398,-6.617548942565918
4131,-4.380213737487793
572,-9.072829246520996
5814,-4.39261531829834
2571,-4.198195934295654
1013,-10.560744285583496
3490,-7.22633171081543
1697,-8.089078903198242
3256,-8.806934356689453
5414,-6.158698081970215
4055,-9.957453727722168
4033,-5.830557346343994
3794,-6.894326686859131
5400,-4.129591464996338
4975,-6.159780025482178
3671,-11.74094009399414
1656,-6.266706943511963
498,-8.2321195602417
185,-7.528409957885742
4585,-10.054656982421875
2765,-5.44780158996582
5267,-8.390924453735352
620,-9.719504356384277
908,-10.379352569580078
2103,-4.851907730102539
137,-8.962740898132324
3034,-9.694958686828613
3830,-6.427320957183838
2729,-7.1957807540893555
5237,-9.482549667358398
4024,-11.226400375366211
897,-5.316099166870117
3524,-11.564788818359375
1481,-6.753312110900879
1928,-5.166927337646484
1348,-8.165369033813477
3341,-6.739126205444336
289,-9.905481338500977
5479,1.1450968980789185
4352,-7.4404826164245605
1734,-12.596288681030273
3976,-8.293909072875977
944,-8.256816864013672
2039,-5.396844387054443
5441,-10.729732513427734
4654,-8.610895156860352
4436,-7.896144390106201
4195,-6.221130847930908
517,-8.331609725952148
2928,-7.2402567863464355
4510,-10.997810363769531
4780,-8.75836181640625
4543,-5.813621997833252
3203,-4.530283451080322
3835,-8.841460227966309
3003,-9.020869255065918
4940,-8.084070205688477
367,-7.23856782913208
1556,-6.754159927368164
1836,-8.849190711975098
2501,-7.45673131942749
556,-2.445610761642456
4078,-1.5526773929595947
2267,-1.028245449066162
3176,-3.6529653072357178
3614,-9.716619491577148
5528,3.011014461517334
2315,-10.530350685119629
755,-11.154472351074219
3761,-8.336949348449707
2874,-9.20654582977295
2041,-8.469112396240234
4261,-4.743391036987305
5732,0.7129058837890625
3662,-4.847038745880127
3183,-6.9866180419921875
759,-5.0559234619140625
3017,-8.322572708129883
349,-7.211872100830078
5070,-9.35684871673584
3776,-7.502340793609619
2736,-7.733928680419922
1760,-3.04183292388916
568,-9.391377449035645
4156,-10.34467601776123
4291,-8.05457592010498
296,-10.202969551086426
2657,-6.44586706161499
519,-7.917006969451904
5531,-1.3475300073623657
1787,-10.611128807067871
3371,-9.303394317626953
4265,-7.266207695007324
5516,3.1200363636016846
4278,-4.33693265914917
3268,-7.334465026855469
3082,-2.9504237174987793
5325,-9.598551750183105
96,-7.676492691040039
3573,-6.754857540130615
398,-4.624536037445068
5612,-5.443663597106934
3230,-8.877127647399902
1562,-6.504456043243408
2469,-5.693817138671875
2195,-8.007604598999023
3063,-8.882765769958496
5275,-5.007631778717041
3925,-4.944237232208252
1620,-7.270247936248779
4806,-9.337740898132324
3070,-6.201646327972412
2957,-4.73021125793457
2771,-6.912261962890625
4784,-3.5417468547821045
1696,-8.540287971496582
217,-8.697792053222656
3728,-11.17487621307373
3934,-7.4214935302734375
5315,-9.221054077148438
449,-12.993186950683594
5616,-7.759016513824463
3969,-9.905492782592773
3814,-0.4801936149597168
5443,3.471306562423706
1860,-7.138527870178223
5684,-1.219927430152893
2827,-9.410181999206543
4905,-8.835897445678711
1555,-7.06584358215332
4080,-7.408885478973389
1245,-6.474602699279785
3353,-5.403868198394775
3827,-8.047558784484863
5720,-6.817527770996094
3502,-7.64440393447876
3184,-6.454801082611084
3789,-6.568911552429199
2322,-11.235663414001465
4092,-3.920124053955078
426,-8.800071716308594
4277,-5.3273515701293945
4599,-11.622944831848145
1391,-6.936178684234619
3338,-6.142477035522461
2516,-9.439337730407715
2673,-4.811476707458496
3427,-9.819696426391602
1814,-7.775452613830566
5483,-2.5933661460876465
5591,-1.7340154647827148
3603,-8.199946403503418
4049,-7.3350324630737305
1268,-7.235925674438477
2722,-3.285456895828247
5533,5.137175559997559
2245,-4.359136581420898
970,-7.622659683227539
2199,-5.617959022521973
3451,-6.130581378936768
4609,-6.947640895843506
1854,-3.243532180786133
491,-7.816260814666748
4644,-6.136927127838135
836,-6.360148906707764
1736,-11.43106460571289
3131,-8.127114295959473
963,-6.540759086608887
933,-7.201988220214844
4924,-9.770499229431152
3305,-6.848742485046387
3221,-6.450220584869385
5767,6.073586940765381
1211,-6.124251842498779
3720,-9.263163566589355
4969,-5.460206985473633
4596,-10.006519317626953
5634,5.488349914550781
1717,-8.218997955322266
1286,-5.962362766265869
122,-6.990213394165039
3731,-3.6702795028686523
154,-8.517072677612305
4344,-6.893529415130615
4433,-3.3611249923706055
5203,-2.608396053314209
2667,-6.800051689147949
5349,-7.568967342376709
4694,-3.1590616703033447
1518,-8.519082069396973
3328,-6.087422847747803
5550,4.905669212341309
2287,-11.838364601135254
2368,2.412415027618408
1991,-6.018017292022705
4314,-5.494642734527588
3607,-9.206924438476562
288,-6.296465873718262
810,-5.840386867523193
4114,-3.4379029273986816
1020,-10.268898963928223
2077,-11.854663848876953
2405,-9.386232376098633
685,-4.293065547943115
695,-12.776875495910645
4486,-9.150238037109375
768,-4.418920993804932
2169,-8.476022720336914
5503,-1.823351263999939
3267,-8.182327270507812
1036,-8.201906204223633
2230,-6.916186332702637
5663,1.5513559579849243
3079,-3.532494306564331
4913,-5.207493305206299
4437,-6.827151298522949
2262,-8.123753547668457
1876,-6.670932292938232
4672,-7.776702404022217
3411,-8.00200366973877
3944,-6.771111965179443
5646,-4.320878982543945
1983,-4.135141849517822
5840,-2.369814872741699
824,-4.251260280609131
5410,-6.084324836730957
2298,-8.962672233581543
186,-6.397768497467041
2188,-8.17064380645752
4351,-6.027841091156006
1228,-1.5326437950134277
391,-9.235204696655273
160,-8.619223594665527
722,-4.003246307373047
2075,-10.189740180969238
4090,-4.752966403961182
5697,0.7853385806083679
5706,7.125811576843262
5623,5.588440418243408
4113,-9.233296394348145
3899,-6.797622203826904
1289,-3.3849637508392334
5165,-8.538470268249512
3226,-1.1278048753738403
2264,-7.802072048187256
1339,-2.710775136947632
2025,-6.481112480163574
2857,-1.7975834608078003
1531,-10.300812721252441
2540,-9.8605318069458
3692,-9.330458641052246
2431,-7.583836078643799
18,-4.106509208679199
4843,-7.432547092437744
4470,-8.865219116210938
2082,-8.05039119720459
5193,-5.513636112213135
2490,-7.723208427429199
1988,2.6975417137145996
4718,-8.338046073913574
5502,6.295925617218018
5426,-5.791309833526611
3276,-8.295101165771484
2165,-9.246363639831543
1617,-5.467583656311035
5181,-9.144882202148438
3802,-10.315778732299805
4625,-10.004545211791992
1176,-5.285346031188965
4533,-6.834920883178711
5243,-7.777612686157227
1226,-11.100648880004883
1911,-6.886528491973877
628,-9.989120483398438
3136,-9.715694427490234
1922,-8.541419982910156
918,-7.352960586547852
4198,-8.02928352355957
5230,-2.5919487476348877
490,-9.766201972961426
306,-9.050021171569824
5527,4.300146579742432
3579,-7.009486198425293
5509,0.0032824513036757708
3652,-9.3589448928833
357,-7.546228885650635
5035,-10.257246971130371
69,-8.832069396972656
2902,-5.308950424194336
2629,-5.7005934715271
458,-9.17608642578125
3738,-6.717958927154541
3055,-3.38324236869812
763,2.7247352600097656
431,-5.58017635345459
1726,-7.214749336242676
2261,-9.345429420471191
5815,-6.357013702392578
3340,-5.793407440185547
305,-4.669708728790283
3971,-8.449416160583496
1527,-6.528759002685547
2370,-8.763750076293945
5250,-9.002875328063965
2637,1.9977837800979614
1666,0.7661662697792053
1209,-5.81040096282959
2115,-4.848723411560059
947,-10.613428115844727
941,-2.4604179859161377
4093,-8.997197151184082
1340,-5.904914855957031
1500,-8.47293758392334
1786,-10.090399742126465
5272,-5.5150251388549805
3871,-3.3468809127807617
2525,-9.66786003112793
3695,-7.177092552185059
1593,-6.110390663146973
2782,-4.5770416259765625
1550,-9.181262969970703
4457,-3.8807480335235596
4782,-6.243880748748779
4739,-5.8531599044799805
4023,-5.719245433807373
5087,-11.240998268127441
2675,-8.754636764526367
4252,-9.750356674194336
5434,-9.104314804077148
23,-3.0229384899139404
75,-8.173739433288574
534,-2.1648337841033936
1841,-12.47547721862793
4466,-4.773195743560791
5422,-9.146790504455566
4721,-9.205114364624023
1283,-5.876566410064697
300,-1.6355046033859253
2301,-3.57680606842041
591,-9.957232475280762
1868,-9.792887687683105
537,1.0914474725723267
1261,-6.151206016540527
1634,-10.902436256408691
689,-10.22357177734375
4677,-3.7440834045410156
4720,-7.42990779876709
4707,-5.957464694976807
5323,-8.619985580444336
1904,-7.920234203338623
378,-9.935205459594727
744,-5.717576026916504
938,-5.588465213775635
2492,-8.919483184814453
4322,-6.370451927185059
3372,-5.277142524719238
2804,-8.727436065673828
5328,-6.235357761383057
4723,-8.78329849243164
1739,-8.19647216796875
2026,-10.231963157653809
3991,-9.751587867736816
2801,-7.9583306312561035
2648,-9.634002685546875
1870,-8.560835838317871
1525,-8.074103355407715
2939,-8.010821342468262
3394,-4.171487331390381
4871,-6.985237121582031
2783,-4.473752975463867
2818,-7.619229316711426
648,-8.170860290527344
5522,-3.3599610328674316
1015,-8.281783103942871
1862,-9.015495300292969
436,-8.776053428649902
2880,-7.617593765258789
1172,-9.690506935119629
5205,-8.830925941467285
283,-7.069777011871338
2384,-5.09276819229126
1251,-5.210979461669922
1443,-6.563788890838623
2175,-10.21084213256836
5302,-5.005448341369629
1694,-6.627411365509033
4363,-8.264042854309082
4715,-3.3833675384521484
4703,-7.332088947296143
2004,-6.3587212562561035
1709,-8.733412742614746
1618,-4.558431148529053
2897,-10.184944152832031
1965,-7.918024063110352
5819,-1.915121078491211
2529,-9.07690143585205
17,-8.389845848083496
3278,-3.993495464324951
1390,-7.72968053817749
5500,4.937173366546631
1323,-3.66056752204895
1877,-5.478987693786621
326,-9.364937782287598
1418,-8.952754020690918
3155,-2.3525431156158447
2950,-2.827350616455078
464,-8.125178337097168
3598,-7.418313980102539
5022,-6.999665260314941
2126,-8.34660530090332
4673,-7.794222831726074
4893,-6.427555561065674
4290,-7.627206802368164
535,-3.968229293823242
2820,-8.962662696838379
3578,-9.587657928466797
719,-10.142908096313477
1538,-10.432394027709961
4235,-7.725885391235352
3449,-8.14947509765625
2585,-9.9118070602417
716,-4.323237895965576
4898,-8.313462257385254
3024,-8.444242477416992
5759,5.458981990814209
1879,-3.0967471599578857
1373,-7.133718490600586
940,-6.144009590148926
3498,-6.579152584075928
4286,-9.154848098754883
2172,-6.547157287597656
1574,-8.78930950164795
1192,-4.966882228851318
5002,-5.952264308929443
4954,-10.585399627685547
4297,-7.466355323791504
2860,-8.656515121459961
1210,-6.745090484619141
1084,-8.309395790100098
2441,-4.876431941986084
4947,-7.690234184265137
4440,-8.530258178710938
4382,-7.9346699714660645
2042,-9.515252113342285
4928,-9.137219429016113
2714,-6.649582862854004
4370,-8.09615707397461
3322,-4.773970127105713
2922,-3.487013101577759
5059,-7.368510723114014
4562,-5.611269474029541
1752,-5.296723365783691
4284,-9.450355529785156
542,-6.698151588439941
1068,-6.671961784362793
3021,-8.663467407226562
2632,-8.161025047302246
484,-10.696511268615723
5114,-7.301790237426758
2189,-8.501029014587402
3933,-8.176609992980957
4994,-9.324498176574707
1493,-8.701488494873047
2967,-7.732522964477539
5098,-8.482011795043945
2101,-7.37637186050415
5836,6.607350826263428
2560,-9.491032600402832
5241,-5.2889275550842285
1230,-6.164154052734375
2097,-6.477939128875732
2664,-7.238717079162598
5343,-6.676738262176514
48,-5.781373977661133
3103,-4.009572505950928
2688,-7.412992477416992
1732,-8.963626861572266
337,-10.191956520080566
5549,-9.735044479370117
1658,-2.180877923965454
2444,-6.4967498779296875
472,-9.634720802307129
2705,-4.083770275115967
388,-7.430208683013916
964,-10.036357879638672
966,-8.79986572265625
2142,-8.539731979370117
4296,-9.498980522155762
705,-4.367492198944092
259,-9.774446487426758
6,-8.39785385131836
2595,-7.756717681884766
4859,-2.581191062927246
740,-7.129167556762695
403,-9.268123626708984
776,-6.244829177856445
2443,-7.974717617034912
3380,-8.873003005981445
5389,-7.5669989585876465
550,-6.295040607452393
4138,-9.3587064743042
4388,-8.57372760772705
3584,-9.274779319763184
5120,-6.013834476470947
1343,-2.36091947555542
5207,-9.504440307617188
4020,-8.067461013793945
808,-6.290761470794678
1992,-6.437197685241699
3649,-10.023894309997559
5162,-7.124578952789307
5490,-6.984579563140869
3912,-7.5219926834106445
2144,-8.079168319702148
4099,-7.5655951499938965
226,-8.362775802612305
2221,-0.028782082721590996
1361,-9.352034568786621
416,-7.1854071617126465
407,-6.210544109344482
4060,-10.468462944030762
503,-3.9868297576904297
1851,-5.666167259216309
1729,-8.41046142578125
5010,-7.160117149353027
787,-5.334645748138428
73,-8.138742446899414
5385,-7.997243404388428
710,-9.528531074523926
910,-5.430016040802002
1964,-3.256025791168213
2418,-8.531020164489746
4336,-9.149147033691406
4680,-8.963615417480469
2092,-6.896486282348633
4324,-8.857192039489746
5405,-9.380525588989258
2134,-10.43169116973877
5825,1.6214512586593628
4972,-2.4779014587402344
820,-8.469720840454102
3138,-7.321779727935791
3795,-8.450830459594727
3409,-7.095796585083008
5025,-5.583811283111572
2417,-8.864646911621094
5731,2.8284897804260254
374,-9.96761703491211
4700,-9.321932792663574
816,-9.007975578308105
2202,-8.961358070373535
5185,0.1654757261276245
4267,-5.126750469207764
2504,-10.243096351623535
292,-7.894027233123779
5451,-2.6697311401367188
996,-2.7611474990844727
3090,-9.034661293029785
4396,-6.340091705322266
3010,-3.839482307434082
4482,-4.680355548858643
3645,-8.815199851989746
904,-8.108893394470215
3383,-7.539686679840088
4541,-9.438974380493164
1628,-8.865400314331055
5743,-0.25537165999412537
2550,-2.594860076904297
5548,-1.2854101657867432
5048,-4.501924514770508
982,-5.708703517913818
5804,-2.320758104324341
4441,-7.92734432220459
4603,-8.26455307006836
3918,-10.922141075134277
4629,-0.5785747170448303
4226,-9.179404258728027
1536,-9.630582809448242
4391,-8.714978218078613
5395,-4.617048263549805
3845,-7.186091423034668
2851,-10.016899108886719
2313,-8.631229400634766
785,-9.115394592285156
1915,-8.50063419342041
4157,-8.112049102783203
1793,-6.405299186706543
1723,-9.091155052185059
4421,-6.631877422332764
2344,-7.056541442871094
3191,-5.316383361816406
2284,-9.448186874389648
335,-1.2568119764328003
2040,-4.756295680999756
1975,-6.383202075958252
2,-9.622965812683105
329,-7.60174036026001
1770,-4.9018168449401855
3333,-10.564741134643555
5124,-6.171860694885254
1931,-0.7287592887878418
3346,-4.961368560791016
2283,-2.5981979370117188
1962,-7.923569202423096
638,-8.88506031036377
3389,-7.888509750366211
781,-6.351749420166016
1142,-9.277737617492676
4190,-10.768362045288086
923,-5.6755266189575195
752,-6.334088325500488
2186,-8.387567520141602
5144,-8.294687271118164
2312,-6.767677307128906
1441,-8.231999397277832
1135,-9.90759563446045
1367,-6.742475509643555
5352,-4.182548999786377
2192,-6.656708717346191
3450,-7.251807689666748
5297,-9.070730209350586
3541,-6.818507194519043
5391,-8.685609817504883
3736,-7.423496723175049
4802,-10.208953857421875
3886,-3.613757610321045
4039,-4.448724746704102
5005,-10.2031831741333
2614,-8.92562198638916
5699,2.59500789642334
4177,-11.038805961608887
3732,-10.37573528289795
606,-7.115203380584717
2855,-7.4939045906066895
4334,-8.44361400604248
3415,-0.6568637490272522
5748,-3.918104648590088
461,-7.058968544006348
3112,-5.081624984741211
2473,-5.17897367477417
293,-7.436519145965576
1123,-3.3643293380737305
2057,0.724578857421875
1690,-5.661799430847168
1065,-8.795391082763672
1547,-8.46245002746582
104,-9.12578296661377
969,-4.248157024383545
3757,-9.072707176208496
3224,-6.4469804763793945
3126,-8.969141006469727
2049,-9.739203453063965
250,-7.057885646820068
961,-10.045974731445312
1929,-5.128415107727051
184,-5.474496841430664
5030,-3.2941622734069824
822,-1.2860418558120728
4137,-10.667886734008789
5446,6.157260417938232
1429,-7.276001453399658
612,-9.561667442321777
4642,-7.886784076690674
4213,-8.516995429992676
1510,-9.91765308380127
5057,-8.300105094909668
220,-7.6999101638793945
2692,-9.213138580322266
1273,-2.075845956802368
3187,-10.307931900024414
869,-10.70175838470459
459,-8.883102416992188
3508,-10.789551734924316
2576,-5.304976463317871
3777,-6.196376800537109
2216,0.3951479494571686
5127,-6.41788911819458
2937,-10.162519454956055
4916,0.37028181552886963
1605,-6.134047031402588
4679,-4.800561904907227
2766,-8.31417465209961
2977,-6.446965217590332
72,-10.60275650024414
3677,-11.958187103271484
3778,-6.1731767654418945
5107,-9.108952522277832
2829,-7.430654525756836
34,-7.234678268432617
505,-7.242585182189941
1351,-10.167756080627441
4960,-7.078564643859863
2177,-5.739875793457031
425,-9.420923233032227
4663,-8.72330379486084
2447,-8.266589164733887
511,-4.833705425262451
3968,-8.45803451538086
1427,-6.6560750007629395
322,-9.468973159790039
5530,3.066281318664551
893,-7.731215953826904
4147,-8.117693901062012
4833,-8.691654205322266
3051,-6.671724319458008
3141,-7.850285530090332
480,-9.064821243286133
981,-5.106725692749023
3626,-8.677678108215332
5523,-7.988954067230225
3457,-9.149765968322754
1957,-6.2106451988220215
758,-6.441595077514648
3374,-7.886234283447266
3357,-3.861081123352051
3393,-5.619234085083008
4746,-8.380332946777344
2429,-1.7402092218399048
3601,-8.55514144897461
4643,-9.04789924621582
4133,-5.671720504760742
3120,-9.249848365783691
2844,-7.907904624938965
1635,-12.178727149963379
2956,-7.483946800231934
108,-7.631852149963379
2100,-3.2926392555236816
4623,-9.596810340881348
5557,1.9216814041137695
3691,-5.947521686553955
5736,-5.4338507652282715
5602,-2.77268385887146
2819,-6.2034010887146
4233,-5.522061824798584
5456,-8.096256256103516
4814,-7.739205837249756
640,-8.912422180175781
735,-9.04568862915039
1671,-6.513770580291748
4509,-10.721665382385254
3464,-7.2336649894714355
5358,-8.082609176635742
1901,-8.52088737487793
3513,-8.451645851135254
4697,-8.617189407348633
375,-9.239017486572266
5313,-8.547324180603027
4293,-6.88797664642334
4316,-7.819577693939209
5174,-9.546269416809082
2807,-7.727749347686768
2450,-11.348807334899902
4319,-7.193779945373535
5419,-8.911360740661621
4884,-8.479948997497559
684,-9.033660888671875
4106,-6.601787090301514
4544,-2.4966418743133545
5089,-5.089733600616455
3617,-5.418454170227051
4670,-8.569334983825684
1805,-7.056564807891846
1408,-9.420767784118652
1284,-7.112794399261475
1513,-9.79318618774414
253,-7.873931884765625
135,-3.425974130630493
1129,-6.271149158477783
2166,-8.620292663574219
699,-9.982930183410645
3591,-9.558626174926758
33,-6.645322322845459
3666,-5.225266933441162
363,-8.85148811340332
5384,-7.033798694610596
5629,3.370394706726074
584,-8.573542594909668
4845,-6.0735602378845215
2727,-6.630678176879883
3564,-8.232992172241211
4008,-9.259709358215332
2683,-6.420482158660889
1136,-12.326616287231445
1916,-7.835646629333496
1004,-9.5116548538208
2197,-7.01105260848999
2579,-8.556553840637207
5718,-1.1380853652954102
5019,-7.495805263519287
57,-8.756516456604004
3831,-5.512746810913086
2095,-7.901476860046387
235,-10.14844799041748
2138,-7.081617832183838
4844,-11.404967308044434
4506,-0.665446400642395
3000,-9.608959197998047
1491,-9.116805076599121
4469,-11.685202598571777
3420,-9.747429847717285
4079,-0.8452459573745728
4936,-8.351383209228516
147,-6.450267791748047
3483,-5.054325580596924
4058,-7.696347713470459
1005,-6.92061185836792
3887,-4.084347248077393
3656,-7.539702415466309
2419,-8.332240104675293
1885,-10.589488983154297
805,-8.564803123474121
3213,-10.552867889404297
5240,-7.0691447257995605
2907,-6.206103324890137
3186,-6.688168525695801
3375,-4.458344459533691
4934,-7.5835466384887695
1751,-6.939994812011719
1034,-7.150700569152832
5536,-0.7334941029548645
1258,-5.583510398864746
370,-9.968305587768555
380,-10.206802368164062
4017,-11.107864379882812
1139,-9.783778190612793
4163,-7.103904724121094
1668,-7.717042922973633
5378,-5.299493789672852
5582,-0.7344273924827576
5575,4.578535556793213
1485,-10.535799026489258
881,-10.628715515136719
5494,-7.453296184539795
800,-7.478218078613281
3546,-9.81531810760498
4172,-10.72940444946289
4480,-2.953024387359619
5246,-7.671995639801025
1526,-10.910821914672852
3273,-7.488612174987793
1051,-8.277386665344238
3979,-6.1609063148498535
1098,-8.346343040466309
4495,-7.096010208129883
2084,-6.920951843261719
1311,-9.10882568359375
1122,-10.009498596191406
2093,-8.307557106018066
5539,-4.0261149406433105
3511,-4.071329593658447
1813,-5.0812530517578125
4634,-4.104226589202881
679,-4.913932800292969
2282,-6.0101494789123535
943,-8.51668643951416
331,-6.079078674316406
3150,-8.614516258239746
4649,-5.532384872436523
41,-2.899691581726074
794,-8.592026710510254
1980,2.9169881343841553
3311,-6.017131328582764
5308,-7.666258811950684
2323,-10.406818389892578
61,-9.658120155334473
2921,-7.715872287750244
2449,-0.4307364821434021
3798,-8.640531539916992
868,-8.10102653503418
5150,-9.777358055114746
3743,-7.245397090911865
4647,0.06818422675132751
2537,-13.437326431274414
1963,-9.182640075683594
474,-2.9196345806121826
4082,-6.353655815124512
3486,-9.785154342651367
5100,-5.048616409301758
5001,-11.436689376831055
1240,-9.712602615356445
4101,-7.838789939880371
1595,-10.408705711364746
4952,-6.525792121887207
1530,-7.471207141876221
5085,-8.728407859802246
803,-1.5367913246154785
2110,-7.354996204376221
5568,2.2708592414855957
1250,-6.792885780334473
751,-4.330906391143799
4209,-7.219030380249023
5206,-8.153922080993652
3086,-8.76823616027832
5639,-4.807159900665283
2936,-4.777731895446777
2600,-6.339834690093994
1817,-7.088566780090332
5609,-0.23892717063426971
2620,1.1514707803726196
4084,-0.10543158650398254
1572,-10.345102310180664
1411,-6.720084190368652
5353,-7.4539384841918945
840,-1.7880759239196777
5775,2.9115092754364014
4046,-5.541214466094971
44,-8.362590789794922
373,-7.027923107147217
1070,-5.122960567474365
5201,-8.300400733947754
2934,-7.150174617767334
813,-3.0631277561187744
1514,-10.08785629272461
2390,-5.3430562019348145
2661,-8.405420303344727
2249,-9.565821647644043
1440,-5.137359142303467
2904,-11.163697242736816
4299,-6.172659397125244
1528,-6.230637550354004
1621,-9.77582836151123
2130,-2.603179693222046
4998,-7.5412373542785645
2281,-4.832748889923096
1019,-6.510382175445557
3846,-7.602336406707764
4638,-9.626956939697266
2272,-8.173731803894043
2755,-7.349436283111572
3707,-9.749802589416504
2542,-8.284796714782715
3956,-3.259972333908081
3253,-9.478506088256836
276,-7.966047286987305
411,-9.770105361938477
1381,-9.88010311126709
2399,-9.281656265258789
4069,-9.014076232910156
3018,-9.28051471710205
3995,-6.5532755851745605
4798,-8.266474723815918
5707,-0.9977735877037048
681,-1.9317638874053955
4014,-1.3079942464828491
3145,-8.61366081237793
5826,8.031635284423828
3581,-9.380349159240723
394,-8.831880569458008
5611,3.892883062362671
2440,-9.005842208862305
1256,-7.720144271850586
3085,-11.190601348876953
5447,-3.436610698699951
5769,-2.3149163722991943
21,-8.289535522460938
2486,-11.947871208190918
1092,-10.357720375061035
2148,-8.696014404296875
5565,0.10660208016633987
2160,-3.6385374069213867
1540,-9.40920639038086
2570,-7.267205715179443
691,-3.3884572982788086
149,-4.599546909332275
4174,-6.54379940032959
341,-10.543009757995605
1320,-8.03768539428711
1449,-6.5949225425720215
2225,-8.17264175415039
5828,5.190802574157715
5805,2.2281453609466553
878,-2.126955986022949
5704,0.9845487475395203
334,-0.7925134897232056
2864,-4.445598602294922
50,-8.833691596984863
4696,-3.5010769367218018
4950,-7.419203758239746
3331,-4.885614395141602
4989,-5.772728443145752
3220,-6.623059272766113
1313,-9.150541305541992
4970,-4.543289661407471
5838,1.1639810800552368
4458,-9.421191215515137
3543,-7.2143874168396
142,-9.003686904907227
4315,-6.822089195251465
1998,-4.374777317047119
4280,-8.308966636657715
4364,-1.10176682472229
1887,-3.36538028717041
4879,-11.103911399841309
1334,-7.530375003814697
2986,-6.442263126373291
3915,-5.9694976806640625
2655,-4.8655619621276855
1909,-8.048174858093262
1520,-8.170112609863281
5009,-8.77637004852295
4902,-8.657959938049316
2548,-4.7076826095581055
4345,-9.952082633972168
3122,-7.315282821655273
2471,-4.961800575256348
454,-7.461587905883789
4796,-8.651779174804688
4683,-10.259693145751953
4029,-9.911356925964355
3589,-7.518145561218262
2749,-10.426166534423828
5208,-7.539250373840332
2371,-11.508338928222656
1151,-1.1584504842758179
5734,-1.7298916578292847
153,-8.111207008361816
4788,-5.12138557434082
3028,-5.9812211990356445
1961,-11.178766250610352
847,-9.877373695373535
5606,4.90999174118042
2091,-9.923535346984863
688,-5.649537563323975
646,-8.16940689086914
3314,-2.9604244232177734
2255,-7.02507209777832
5298,-8.233977317810059
4044,-6.961972236633301
4866,-8.090058326721191
5307,-5.729840278625488
773,-7.107591152191162
1905,-8.174417495727539
84,-4.601363182067871
495,-8.615747451782227
5265,-4.861570835113525
152,-6.762277603149414
1872,-9.39859390258789
2642,-7.217623710632324
3681,-7.46365213394165
4154,-3.3242266178131104
3865,-9.40358829498291
2968,-7.203359603881836
2433,-8.106446266174316
4666,-6.990597248077393
3712,-9.78876781463623
111,-8.491572380065918
5570,-7.1339216232299805
2426,-8.428625106811523
1111,-9.210659980773926
3081,-7.389909744262695
3547,-6.870724678039551
29,-8.839775085449219
2467,-8.451358795166016
4537,-7.737027168273926
2770,-8.095612525939941
4899,-7.0068135261535645
1220,-11.779803276062012
2027,-9.018660545349121
79,-6.783560752868652
5472,2.500513792037964
3209,-9.32439136505127
1195,-5.908004283905029
5023,-6.892709255218506
694,-7.01814079284668
4204,-7.8620734214782715
2711,-9.590666770935059
4617,-8.065393447875977
1591,1.0456093549728394
1810,-8.6286039352417
1579,-9.70201301574707
2592,-9.458662033081055
3339,-4.1863250732421875
4917,-7.852430820465088
4904,-8.349163055419922
324,-4.675940036773682
441,-8.839203834533691
3098,-5.221405029296875
554,-2.4461257457733154
3644,-5.1061553955078125
2509,-7.499882698059082
2482,-6.859041690826416
162,-9.16657543182373
4745,-4.0436272621154785
4429,-5.907665252685547
4648,-10.197007179260254
3429,-3.0544605255126953
225,-4.571402072906494
4471,-7.718116760253906
1466,-9.177226066589355
2806,-6.500506401062012
5303,-6.863924503326416
4986,4.909876823425293
299,-6.426942348480225
3474,-6.4559173583984375
2309,-3.9756453037261963
2461,-5.24174165725708
5755,1.6866737604141235
541,-8.00471305847168
4021,-4.915748119354248
5390,-6.669289588928223
5547,4.190390110015869
1269,-11.206151962280273
4472,-11.66222858428955
1459,-4.437617301940918
3104,-3.211277484893799
1496,-5.720955848693848
4686,-8.427396774291992
1733,-6.523226261138916
4410,-7.044919490814209
2608,-8.559287071228027
2834,-10.195250511169434
5712,-6.10367488861084
718,-6.176791191101074
3523,-3.8108320236206055
3462,-8.187914848327637
4076,-9.122336387634277
2295,-8.372847557067871
3836,-6.6513800621032715
3025,-8.435771942138672
421,-9.748330116271973
2152,-9.9345064163208
886,-4.22829008102417
1404,-10.002906799316406
1824,-9.751998901367188
3682,-5.0474772453308105
3926,-8.246712684631348
903,-7.751811981201172
2890,-3.5600128173828125
3194,-4.2534565925598145
4288,-8.381020545959473
3706,-7.179872989654541
1048,-7.164187431335449
2981,-8.213936805725098
682,-8.553255081176758
1840,-5.136751174926758
5644,6.0808234214782715
456,-9.411739349365234
509,-7.369735240936279
4981,-7.261003494262695
2291,-10.599614143371582
3935,-9.326138496398926
1071,-10.60748291015625
3157,-5.824795246124268
4877,-8.363090515136719
4957,-9.824288368225098
1327,-9.011463165283203
4448,-11.05811882019043
2951,-7.812800407409668
1394,-5.018517971038818
206,-9.131841659545898
5760,1.9801642894744873
1825,-7.7997026443481445
365,-8.328627586364746
3796,-7.6733479499816895
1249,-10.787689208984375
1102,-8.621143341064453
1972,-5.484350204467773
639,-6.807105541229248
3914,-12.032580375671387
5301,-8.366101264953613
4425,-7.804914474487305
1453,-9.246196746826172
3419,-5.055550575256348
5475,-2.4571681022644043
5074,-7.9139723777771
4399,-8.662614822387695
3783,-8.720112800598145
4435,-9.882344245910645
604,-2.0927858352661133
4309,-7.177398204803467
4735,-8.25589370727539
4730,-9.78775691986084
1424,-7.560139179229736
1058,-6.7403883934021
3780,-5.388946056365967
1597,-7.852864742279053
1584,-3.0795860290527344
400,-8.942011833190918
3875,-6.876657009124756
540,-4.995293140411377
3233,-5.093930244445801
4048,-5.7143235206604
2348,-5.4276556968688965
5073,-6.05836820602417
4273,-6.2795233726501465
1649,-6.1880269050598145
3977,-4.477861404418945
762,-5.083479881286621
559,-4.985703468322754
1474,-9.14999771118164
1406,-4.710336208343506
3893,-7.786832332611084
2870,-2.434497117996216
4964,-7.600216388702393
2076,-6.172768592834473
3808,-10.386006355285645
4594,-8.749300956726074
4948,-7.684162139892578
2293,-8.564764976501465
5590,4.409013271331787
2732,-7.018227577209473
4901,-6.50092077255249
4607,-6.3925065994262695
3289,-5.3799896240234375
4521,-6.174868106842041
5642,3.6302433013916016
1838,-7.225537300109863
4586,-6.12058687210083
3279,-9.194215774536133
4214,-7.516788959503174
197,-7.15452241897583
1199,-9.091349601745605
5498,6.586757183074951
4532,-4.120115756988525
985,-9.01071834564209
4350,-9.203533172607422
786,-6.868161201477051
2759,-2.5342040061950684
3651,-4.14254093170166
1090,-7.874608993530273
1758,-4.520915985107422
419,-7.384578704833984
2258,-6.103996753692627
5176,-7.122408866882324
3032,-8.912755012512207
2381,-9.900322914123535
2006,-5.085154056549072
2539,-7.373766899108887
4450,-6.099324703216553
548,-6.340222358703613
850,-9.609373092651367
1761,-8.315382957458496
4875,1.8387469053268433
2520,-8.769684791564941
479,-10.125147819519043
1116,-6.360124111175537
2865,-8.018099784851074
5635,9.946911811828613
5497,-5.182530879974365
1661,-7.764482021331787
4553,-10.883857727050781
658,-6.2095746994018555
3124,-5.74880313873291
3849,-6.727638244628906
998,-9.715059280395508
1150,-7.230911731719971
3646,-7.76644229888916
2933,-6.363638877868652
1003,-8.504815101623535
5365,-5.299009323120117
5593,-0.9108163714408875
3265,-9.258648872375488
983,-7.670546531677246
4549,-0.34108448028564453
4591,-8.59666633605957
5348,-8.531107902526855
3327,-3.947927713394165
2247,-10.14627742767334
3815,-3.5940873622894287
3550,-8.18919563293457
4498,-6.206336975097656
3199,-6.454477787017822
4432,-7.808197975158691
2567,-2.1020660400390625
4860,-7.888335704803467
70,-7.1720685958862305
5603,-0.5571510195732117
978,-11.213323593139648
3719,-6.856908798217773
0,-5.468294620513916
1305,-10.028898239135742
3407,-4.926305770874023
282,-7.432151794433594
4238,-5.88948392868042
3292,-1.7128595113754272
4523,-5.259897708892822
693,-6.717257499694824
3665,-5.1939496994018555
1208,-9.612996101379395
1967,-8.79812240600586
5024,3.112027168273926
5034,-5.6454339027404785
4868,-6.551662921905518
1159,-8.744915962219238
2118,-8.656716346740723
630,-9.973904609680176
1457,-7.3772711753845215
2174,-3.3652398586273193
3745,0.09286192804574966
30,0.1935882866382599
555,-7.97390604019165
3555,-6.219244003295898
5662,9.254960060119629
4959,-5.301796913146973
1921,-7.942770957946777
2408,-7.5158209800720215
2709,-7.653933048248291
5038,-5.409058570861816
2397,-4.471089839935303
2480,-8.939756393432617
1072,-7.4442667961120605
116,-8.726202011108398
1094,-8.632101058959961
1201,-9.746811866760254
2214,-9.215693473815918
5103,-8.88998031616211
2364,-8.312987327575684
1133,-4.6498823165893555
4256,-3.423555612564087
5440,-6.864073276519775
5610,5.790755271911621
2413,-0.5899128913879395
4789,-8.181550979614258
4343,-8.024885177612305
3843,-3.8505287170410156
4768,-6.695382118225098
2909,-11.192898750305176
1110,-7.293356418609619
3471,-8.144031524658203
3431,-12.864938735961914
3592,-6.91480016708374
858,-7.887234687805176
4403,-9.750693321228027
2903,-9.124324798583984
3397,-4.987137317657471
3008,-7.070125579833984
913,-7.534605503082275
4658,-7.139468193054199
843,-7.571503639221191
109,1.317068099975586
3148,-3.3112504482269287
4116,-9.618562698364258
1706,-9.131965637207031
1027,-6.901708126068115
3975,-9.779986381530762
2638,-6.529635906219482
4222,-7.941917419433594
901,-8.854549407958984
2677,-3.6097652912139893
4840,-0.2536473274230957
2768,-10.525875091552734
5172,-4.187264442443848
3291,-9.676873207092285
3504,-7.708740234375
2465,-6.049432754516602
5835,6.929784297943115
5202,-10.265283584594727
402,-9.280614852905273
2984,-0.042330268770456314
583,0.05330343917012215
1052,-4.0131964683532715
2947,1.8563481569290161
66,-4.041525363922119
2796,-7.753169536590576
2336,-5.945024013519287
1878,-8.174449920654297
3463,-5.026872158050537
4582,-5.850922584533691
2751,-6.3453688621521
249,-7.894877910614014
967,-10.486888885498047
711,-7.634278297424316
3387,-7.500059127807617
643,-7.791707515716553
845,-9.905838966369629
1968,-8.907012939453125
4811,-9.448384284973145
2676,-10.069498062133789
4160,-10.071613311767578
5431,-7.79427433013916
3270,-6.750784397125244
3365,-8.080039024353027
5552,-9.133956909179688
4083,-8.201177597045898
867,-5.723931312561035
3068,-4.04948091506958
312,-7.009561061859131
3570,-4.239079475402832
3982,-3.8171823024749756
2884,-10.77996826171875
1843,-8.52023696899414
819,-6.612509250640869
2658,-4.53817081451416
2975,-9.032785415649414
2124,-7.605180740356445
2414,-10.270524024963379
3491,-3.8812127113342285
5448,1.3146272897720337
4542,-8.658758163452148
991,-9.143044471740723
724,-6.407656192779541
4849,-5.075084209442139
1378,-2.6382510662078857
5251,-9.929533958435059
1270,-5.29189395904541
3509,-7.432675838470459
5026,-8.267542839050293
553,-7.636355400085449
2398,-11.601988792419434
3989,-7.7568135261535645
5028,-9.334105491638184
844,-9.218603134155273
8,-11.11489486694336
1202,-5.3125739097595215
1415,-8.032069206237793
3023,-6.183872699737549
3012,-6.767350196838379
4681,-7.456905841827393
552,-6.85435152053833
1338,-2.7375948429107666
1473,-5.781708240509033
4624,-2.3778929710388184
5703,-8.631457328796387
523,-6.6553802490234375
919,-10.479923248291016
3254,-5.949985980987549
2960,-7.3092546463012695
5833,3.779414176940918
1708,-9.456193923950195
110,-8.787680625915527
3948,-6.330832004547119
777,-9.455642700195312
2297,-7.909520149230957
4164,-7.97520637512207
2733,-1.92134690284729
600,-9.37580680847168
5163,-2.7193312644958496
4011,-0.653167188167572
1155,-8.725646018981934
1438,-11.396574974060059
4141,-10.172736167907715
3514,-10.702070236206055
1291,-8.843305587768555
974,-7.050887107849121
4488,-8.222787857055664
5281,-7.537723541259766
4128,-8.401349067687988
2720,-9.265183448791504
2674,-7.201204776763916
1037,-8.94530200958252
3244,-2.829813003540039
2789,-8.583600997924805
1335,-6.892149925231934
1153,-7.878024101257324
1074,-6.726605415344238
3015,-3.151583194732666
5411,-9.650527000427246
4050,-11.135735511779785
642,-9.311060905456543
5744,-2.452374219894409
5778,1.1620731353759766
2541,-3.2304790019989014
2389,-11.89906120300293
4303,-7.251379013061523
2769,-2.950246572494507
169,-7.584444522857666
4887,-8.179740905761719
5224,-8.769173622131348
1041,-7.063446998596191
3799,-7.666502952575684
2497,-9.742209434509277
5811,6.119706153869629
5657,8.49789810180664
2803,-9.952349662780762
204,-8.15671157836914
2651,-6.401440620422363
931,-10.229114532470703
1917,-7.926365852355957
4993,-5.99418830871582
5029,-1.8490809202194214
3606,-6.188508987426758
4422,-6.792958736419678
5774,0.9675291180610657
3303,-9.593687057495117
2814,-6.629769325256348
5504,3.3843488693237305
4227,-8.497861862182617
5377,-8.075115203857422
1567,-10.97700023651123
5261,-8.84288501739502
5368,-7.084684371948242
3443,-7.869657516479492
133,-8.467724800109863
4175,-8.610804557800293
150,-8.207175254821777
3819,-7.485891819000244
3800,-6.734907150268555
1490,-8.818902015686035
3355,-6.372390270233154
2587,-9.146590232849121
5333,-9.04696273803711
1613,-10.538834571838379
1896,-5.1991729736328125
3959,-5.58673620223999
590,-6.064136505126953
1796,-6.78917932510376
4727,-9.740095138549805
4434,-7.93341064453125
16,-4.254915237426758
3529,-8.943276405334473
2799,-6.28591775894165
1573,-3.9319584369659424
1960,-5.920980453491211
5466,4.139665603637695
5437,-7.306901931762695
4051,-4.993171691894531
888,-7.933867931365967
513,-7.60107421875
1386,-9.709484100341797
924,0.41247865557670593
2109,-6.070487976074219
2701,-3.8972086906433105
5717,-4.8948798179626465
1168,-5.170180320739746
603,-7.013477802276611
3530,-8.565110206604004
4237,-11.114998817443848
1818,-10.600981712341309
175,-9.358848571777344
3679,-8.693562507629395
5689,1.3218272924423218
4795,-6.064481735229492
307,-8.289502143859863
4107,-2.7082958221435547
2762,-7.3384318351745605
2812,-1.2229975461959839
2117,-8.009563446044922
1702,-5.47193717956543
3179,-8.182047843933105
2953,-8.444289207458496
1881,-10.47038745880127
951,-7.393454074859619
3689,-6.399940013885498
3857,-4.807125568389893
3510,-2.3836781978607178
4742,-6.352378845214844
1069,-10.624777793884277
791,-10.637594223022461
5239,-6.072506427764893
1297,-8.95532512664795
5613,-0.5418550372123718
2772,-8.353363990783691
2083,-11.44677734375
3611,-4.563424587249756
1410,-8.522443771362305
3723,-8.098902702331543
3421,-6.833580017089844
3325,-9.683612823486328
4094,-3.619746208190918
1127,-4.255862712860107
1374,-11.285351753234863
174,-5.5883402824401855
1330,-5.954317092895508
2894,-7.7207231521606445
4568,-6.982137680053711
2168,-6.836624622344971
3038,-6.738953113555908
5525,-5.814757347106934
114,-7.809863090515137
3958,-4.9785075187683105
1205,-9.560266494750977
5083,-7.411956787109375
1524,-8.081212997436523
741,1.5741212368011475
5668,-0.9723817110061646
371,-10.170052528381348
1081,-3.30879545211792
5090,-1.4746911525726318
3362,-4.642024993896484
5220,-10.998238563537598
4026,-7.723963260650635
2496,-8.980854034423828
4611,-3.1437325477600098
409,-9.030997276306152
5370,-6.6981401443481445
4792,-10.339112281799316
3721,-8.8399658203125
3536,-7.4864983558654785
4111,-6.661375522613525
1745,-9.8992280960083
4032,-7.596680164337158
5151,-9.099396705627441
909,-5.439761638641357
4894,-11.009279251098633
3182,-8.940876960754395
899,-7.439677715301514
4645,-4.716031551361084
1130,-11.144328117370605
2201,-7.963907241821289
314,-9.629594802856445
3275,-10.19791316986084
1720,-8.527249336242676
4923,-7.830503463745117
485,-9.38248348236084
1645,-8.226093292236328
3532,-8.711221694946289
2363,-3.294222593307495
1100,-11.165606498718262
3595,-8.812832832336426
4308,-8.096170425415039
1186,-6.618032455444336
4250,-8.038207054138184
677,-9.32223892211914
3473,-10.905539512634277
2005,-4.520191669464111
65,-8.94090747833252
2396,-11.022936820983887
2693,-7.561337471008301
960,-7.400608539581299
2831,-7.780314922332764
2207,-9.870220184326172
2341,-8.77366828918457
483,-7.308103561401367
5327,-3.3476905822753906
2206,-7.884820461273193
5066,-10.137910842895508
3941,-8.042440414428711
827,-4.737343788146973
734,-11.429435729980469
145,-4.1441802978515625
2650,-10.562548637390137
5200,-3.4726388454437256
1529,-8.601587295532227
1355,-9.584169387817383
1685,-8.632901191711426
3111,-9.144328117370605
4037,-5.6359734535217285
1564,-6.653682231903076
5829,-0.3551396131515503
2048,-9.693845748901367
4618,-8.58887767791748
301,-9.547776222229004
83,-3.9587998390197754
3348,-8.65933609008789
2210,-8.973599433898926
5363,-7.790038585662842
4045,-11.481616973876953
5843,5.47610330581665
1235,-7.478117942810059
823,-6.135016441345215
4781,-9.235312461853027
4339,-5.207479000091553
267,-5.997359752655029
2377,-8.931575775146484
5461,4.234070777893066
3337,-4.865638732910156
5524,1.068595051765442
1194,-7.255001068115234
5791,3.240678310394287
3638,-10.022459030151367
5115,-4.611945152282715
5324,-5.41414213180542
2791,-6.54979133605957
4492,-9.115815162658691
5507,-2.03456711769104
3189,-7.549249649047852
4762,-9.185821533203125
3049,-7.375402450561523
4028,-7.253392696380615
5123,-8.015445709228516
3139,-8.40014362335205
5650,7.095451354980469
4809,-9.005038261413574
5178,-8.994451522827148
3527,-3.715689182281494
5725,0.22984686493873596
5679,-5.822205066680908
761,-8.109683990478516
4822,-8.418059349060059
1816,-9.98737621307373
353,-8.466889381408691
4392,-5.970040321350098
1727,-9.94257926940918
1167,-8.632879257202148
1298,-8.12646770477295
4747,-9.681974411010742
4867,-5.431868553161621
798,-11.386014938354492
1479,-6.212018966674805
437,-8.628239631652832
1158,-10.249105453491211
2065,-7.884860992431641
4104,-6.3127288818359375
5084,-2.738755702972412
949,-6.730113983154297
3315,-4.921297073364258
2852,-7.112959384918213
580,-8.103867530822754
332,-2.0463836193084717
1691,-8.098267555236816
3180,-10.4159517288208
4067,-5.716567039489746
2830,-4.85915994644165
2787,-8.242521286010742
4383,-7.228992462158203
3283,-7.13704252243042
3004,-7.032364368438721
2178,-5.222473621368408
3773,-9.900362014770508
1031,-11.017956733703613
5713,3.9198498725891113
2369,-9.779847145080566
4579,-0.7007788419723511
1341,-7.214155673980713
1106,-5.257453441619873
4254,-7.261733531951904
2619,-5.272770404815674
1064,-10.009693145751953
4465,-6.682971000671387
5269,-6.173333168029785
443,-1.6277942657470703
210,-9.256427764892578
1128,-9.505074501037598
4043,-6.8694634437561035
2481,-9.097273826599121
4906,-9.232864379882812
2180,-9.803642272949219
5119,-9.987680435180664
2200,-8.868302345275879
1107,-9.908019065856934
4493,-4.855277061462402
5049,-7.7369561195373535
3650,-3.500006914138794
2193,-8.64215087890625
5553,-2.5199570655822754
2052,-6.555765628814697
680,-0.0500166080892086
275,-10.646120071411133
3574,-8.962076187133789
2873,-7.359037399291992
3084,-3.7979726791381836
3616,-6.988358497619629
3173,-2.657386064529419
3382,-9.067268371582031
28,-9.553056716918945
993,-8.672463417053223
589,-8.988816261291504
1845,-9.712770462036133
2412,-6.085136413574219
1185,-6.746335983276367
4143,-7.681275367736816
4891,-2.8604226112365723
833,-10.565735816955566
3970,-2.3711061477661133
4332,-7.40565299987793
5396,-8.263675689697266
5607,-4.009519577026367
5407,-5.225266933441162
1149,-7.455499172210693
42,-7.821414470672607
5785,0.9636507630348206
5054,2.1715009212493896
3739,-6.091707706451416
2644,-10.024710655212402
5234,-7.708517551422119
2991,-8.94503402709961
1932,-9.354035377502441
2586,-8.730521202087402
1640,-7.420557022094727
958,-9.060895919799805
5282,-8.445992469787598
1606,-8.48451042175293
193,-10.558177947998047
82,-9.37150764465332
2136,-5.971464157104492
2747,-7.612587928771973
4919,-6.4160566329956055
2886,-7.21095609664917
3890,-7.550962448120117
1811,-5.737233638763428
156,-8.353987693786621
5295,0.7206183671951294
733,-8.797940254211426
1835,-9.760948181152344
2147,-6.884159088134766
784,-6.580133438110352
323,-10.006742477416992
1935,-3.6682024002075195
5462,-9.992109298706055
5226,-8.288111686706543
3784,-3.577404737472534
4500,-7.068713665008545
277,-10.411591529846191
2842,-4.717540264129639
3907,-4.684268474578857
588,-6.188779830932617
545,-4.0358452796936035
1707,-8.782442092895508
5145,-8.42895793914795
173,-8.830482482910156
4661,-6.722054481506348
2662,-4.003504276275635
1561,-8.506491661071777
4095,-4.558052062988281
5471,-4.252831935882568
712,-5.122156143188477
5077,-10.024807929992676
4896,0.15702535212039948
4539,-3.3929967880249023
532,-5.418393135070801
390,-10.4035005569458
2510,-6.254368782043457
2270,-8.2628812789917
2476,-10.491194725036621
264,-3.986536979675293
1856,-8.938724517822266
434,-4.787811279296875
1499,-6.722743988037109
660,-8.225822448730469
1232,-7.066464424133301
829,-4.82274866104126
2215,-7.268017292022705
9,-11.00217342376709
2752,-7.760172367095947
4732,-3.068251609802246
2521,-6.7278642654418945
5560,1.6891875267028809
93,-6.029566764831543
2375,0.006845343392342329
1681,-3.209284543991089
2453,-5.303750991821289
1823,-9.768104553222656
5802,-5.783924579620361
973,-7.2511138916015625
5429,-3.1249852180480957
1949,-7.357134819030762
2668,-12.016481399536133
5011,-6.012381553649902
5832,-2.959711790084839
5432,-9.452041625976562
2538,-9.324381828308105
4650,-7.283154487609863
826,-6.631040096282959
4689,-6.581968784332275
223,-5.238058090209961
916,-10.18369197845459
3618,-5.706275939941406
4135,-7.846871852874756
1515,-9.458828926086426
2421,-6.9657511711120605
1145,-7.721317291259766
5545,7.317960739135742
5818,4.381577491760254
2739,-8.43124008178711
4770,-9.728711128234863
1312,-5.23618745803833
3993,-7.970246315002441
4491,-8.862438201904297
2519,-7.043388843536377
3751,-7.794816970825195
4702,-4.100313186645508
3792,-3.394805908203125
4956,-8.589285850524902
5816,-3.1975879669189453
423,-7.935737609863281
1138,-1.7819180488586426
3569,-3.7155165672302246
1505,-8.640490531921387
2517,-12.635968208312988
2514,-2.716992139816284
4850,-7.814092636108398
1057,-3.023561477661133
2871,-6.752722263336182
2346,-3.3506581783294678
990,-1.459101676940918
2321,-6.408935070037842
1728,-6.893991470336914
5622,-0.5500562787055969
1665,-3.0290725231170654
265,-6.234158992767334
549,-10.042525291442871
141,-10.442239761352539
2119,-7.195688724517822
3171,-9.025826454162598
1370,-9.892040252685547
565,-7.988761901855469
3949,-7.917912483215332
4698,-6.7223801612854
3391,-6.886369705200195
3770,-7.022716522216797
896,-3.332510471343994
574,-6.939859390258789
3309,-8.421639442443848
5379,-6.0229058265686035
4328,-8.765892028808594
2386,-5.261450290679932
3235,-5.168196678161621
3954,-4.385961532592773
2279,-5.250702381134033
3151,-5.763834476470947
2063,-8.444124221801758
4206,-7.338803291320801
4823,3.5566420555114746
2098,-4.9848151206970215
5,-7.866979122161865
3653,-9.313030242919922
5186,-0.4019567668437958
86,-4.468747138977051
5374,-8.822968482971191
3445,-9.037002563476562
2502,-11.653684616088867
3470,-9.940285682678223
3165,-6.13764762878418
5252,-7.449285984039307
2024,-7.374092102050781
1456,-5.222322940826416
5006,-8.468077659606934
2589,-10.79348087310791
1615,-8.253535270690918
703,-7.867615699768066
3813,-10.14863395690918
2551,-8.436518669128418
2741,-7.8030219078063965
5416,-2.7994437217712402
4547,-6.070135593414307
5715,3.259427785873413
1522,-8.965262413024902
3748,-8.011958122253418
1308,-5.696834087371826
5450,-5.099690914154053
3430,-5.400717735290527
4467,-6.534233570098877
3816,-10.745573997497559
3590,-6.851908206939697
1445,-7.060916423797607
5489,2.5705292224884033
4684,-6.128708362579346
997,-7.084097862243652
446,-6.34317684173584
5397,-9.864728927612305
1060,-6.368410110473633
5700,-0.30770570039749146
328,-6.7187886238098145
1448,-6.347972393035889
2105,-8.36055850982666
4597,-5.775561809539795
3178,-7.499301910400391
1933,-7.052541255950928
3156,-7.4242939949035645
2610,-5.91076135635376
2920,0.4976319670677185
5534,4.2442946434021
4191,-10.917278289794922
5672,-0.9270372986793518
1701,-7.030399322509766
1587,-4.4806437492370605
5439,-4.173567771911621
5199,-8.062459945678711
2663,-10.496376037597656
782,-10.04356575012207
2023,-2.487257957458496
4659,-6.806923866271973
4040,-8.337092399597168
4640,-4.037049770355225
5041,-7.6880950927734375
5690,3.6288161277770996
2037,-10.028882026672363
4144,-6.7688775062561035
4077,-0.469435453414917
5155,-5.270695686340332
1299,-1.6217073202133179
3458,-3.5721404552459717
5584,4.149363040924072
1559,-6.458071708679199
1586,-8.053205490112305
237,-8.039953231811523
672,-5.39759635925293
3159,-8.05041790008545
4307,-9.234442710876465
1616,-8.784730911254883
4373,-8.970974922180176
5075,-2.221195936203003
1267,-7.061356544494629
5626,5.6974639892578125
5532,-4.823387145996094
2491,-8.77431869506836
1890,-3.604788064956665
5179,-7.792881965637207
4799,-4.335740566253662
2303,-8.582305908203125
5351,-6.395811557769775
597,-9.146530151367188
5417,-5.182961940765381
248,-5.249472141265869
3753,-8.54172420501709
5069,-11.003195762634277
4824,-7.283740043640137
1093,-7.051044464111328
439,-3.6101796627044678
5486,1.834494948387146
4738,-6.175967216491699
1080,-6.97383451461792
4837,-1.0561617612838745
5364,-5.589878559112549
5625,3.3449618816375732
5253,-4.697324752807617
4426,-3.3968253135681152
2742,-7.808257579803467
1434,-2.8636703491210938
4719,-8.463171005249023
4608,-7.513669013977051
4075,-5.618877410888672
3828,-6.696857929229736
1396,-7.9192214012146
5190,-7.634064674377441
2526,-8.19679069519043
946,-7.180266857147217
3149,-8.446430206298828
1272,-5.391666412353516
3903,-7.601222038269043
5345,-6.426942348480225
4428,-5.738522529602051
5617,5.366839408874512
772,-7.260034561157227
2220,-3.904542922973633
477,-7.1032304763793945
1989,-7.142234802246094
4628,-3.6780431270599365
3637,-3.685027599334717
5480,1.501199722290039
3236,-8.514203071594238
469,-6.910989761352539
5173,-8.197610855102539
3266,-5.613241195678711
3788,-2.1655075550079346
3927,-6.175417900085449
2996,-1.2332321405410767
487,-6.720654487609863
1831,-8.24892807006836
617,-8.747981071472168
2161,-9.129313468933105
5598,4.874670505523682
582,-7.842211723327637
666,-6.0602641105651855
5278,-4.4191107749938965
5132,-8.767949104309082
4009,-2.9703125953674316
4991,-4.5013813972473145
726,-6.151630401611328
3208,-11.692390441894531
5274,-7.996093273162842
1309,-8.866281509399414
2672,-8.924537658691406
5499,6.545923709869385
518,-8.914900779724121
2131,-3.706618547439575
5664,5.934288501739502
128,2.233200788497925
4305,-7.880742073059082
3096,-5.75166130065918
1594,-4.827610015869141
1501,-4.895611763000488
3641,-6.756728649139404
4054,-10.45823860168457
1794,-8.425162315368652
4639,-6.799911975860596
5614,-4.625351428985596
2583,-8.498763084411621
4524,-7.570391654968262
2780,-5.153559684753418
4161,-6.443952560424805
2862,-8.250066757202148
4499,-8.197296142578125
3604,-7.677175998687744
245,-8.72378921508789
3358,-8.417680740356445
3856,-10.101033210754395
1237,-3.478973627090454
2923,-9.167759895324707
1888,-6.154486179351807
2184,-5.204617977142334
5403,-8.567817687988281
4815,-7.02736234664917
2234,-4.175374984741211
4153,-6.494444847106934
953,-11.001404762268066
2335,-2.7311203479766846
1571,-3.795067310333252
635,-10.510981559753418
1549,-7.021838188171387
2226,-6.141897678375244
36,-9.444462776184082
232,-10.961217880249023
3456,-9.54053783416748
3272,-6.620189189910889
4791,-4.608159065246582
1088,-8.46403694152832
1035,-8.603754997253418
2630,-6.579532623291016
2976,-9.414285659790039
1846,-6.539097785949707
3114,-1.6376111507415771
4548,-5.896079063415527
5310,-9.16257381439209
3351,-5.873179912567139
313,-5.234801292419434
3785,-9.400483131408691
4556,-7.589980602264404
4194,-6.900156497955322
4748,-4.873717784881592
3349,-8.44508171081543
1981,-9.84765625
2087,-9.722782135009766
1026,-4.033743381500244
623,-2.091019630432129
861,-5.4122185707092285
1789,-7.826321125030518
1247,-6.913995742797852
241,-10.124076843261719
1147,-5.537603855133057
5728,-6.587005138397217
1920,-6.692297458648682
3128,-11.346977233886719
4569,-6.574059009552002
1570,-9.083365440368652
1222,-11.63247013092041
780,-2.2459638118743896
1288,-9.095266342163086
3769,-11.517119407653809
594,-4.282495498657227
2311,-4.863990306854248
140,-9.401604652404785
1638,-9.68557071685791
4736,-10.816753387451172
1044,-6.960969924926758
2211,-7.261015892028809
3945,-6.916461944580078
2866,-3.7695257663726807
5373,-7.370998382568359
227,-11.004690170288086
1487,-8.377750396728516
3214,-6.893698692321777
5608,-0.2409917712211609
2879,-7.393199443817139
4752,-8.524166107177734
1241,-7.164928436279297
3960,-4.463502883911133
1724,-6.353323936462402
5225,-9.573335647583008
5770,-0.231244295835495
874,-11.285008430480957
2987,-4.966159820556641
3910,-9.748004913330078
4166,-7.037119388580322
2624,-6.5305562019348145
1234,-8.431221008300781
1986,-6.524901390075684
38,-8.025150299072266
5187,-9.32561206817627
526,-9.84957218170166
5108,-5.960954666137695
146,-8.936125755310059
1880,-5.46811580657959
417,1.292860746383667
3106,-12.107133865356445
5380,-5.123684883117676
5232,-4.704195499420166
4774,-8.988370895385742
1397,-8.067729949951172
654,-7.616781234741211
5476,5.058444023132324
756,-4.826615333557129
1893,-6.348183631896973
4263,-7.562004566192627
834,-8.123727798461914
5260,-7.072553634643555
5258,-8.646319389343262
1848,-5.264951229095459
5515,0.5334477424621582
2816,-10.38038158416748
3255,-2.7282092571258545
5782,1.7408674955368042
841,-8.32148265838623
3390,-8.9889554977417
4453,-6.167370319366455
2275,5.341314792633057
3088,-10.437971115112305
2941,-11.783180236816406
112,-7.95513916015625
2558,-6.628576278686523
1748,-6.324611186981201
3414,-5.322656631469727
2128,-4.104443073272705
1766,-5.090198516845703
2495,-11.110876083374023
1945,-8.981978416442871
2966,-10.22591781616211
5830,-6.786226272583008
5633,-3.3217551708221436
2625,-6.253213405609131
5335,-3.0043909549713135
3962,-7.575377464294434
3867,-5.505116939544678
4565,-6.021122932434082
2914,-10.184410095214844
1419,-11.03686809539795
1078,-7.827171325683594
611,-6.707850456237793
5701,5.018701076507568
4983,-8.455621719360352
2963,-6.0931267738342285
2276,-9.62282943725586
270,-5.104283809661865
1046,-6.587512969970703
5745,5.779587745666504
1828,-3.777740478515625
3423,-7.393870830535889
321,-7.542636871337891
1076,-11.606718063354492
2187,-3.5601956844329834
1858,-8.648192405700684
5183,-9.182196617126465
1204,-10.901742935180664
4933,-5.164595127105713
5387,-4.339849948883057
883,-9.04161548614502
2019,-5.396000385284424
1368,-6.858723163604736
1200,-7.326481819152832
4631,-7.618895530700684
5749,5.411814212799072
5036,-8.813098907470703
5305,-9.552675247192383
1073,-7.156754016876221
2045,-5.963606357574463
3161,-7.055557727813721
5605,5.473794937133789
171,-7.204362392425537
1973,-6.94855260848999
3515,-8.895123481750488
1651,-9.453933715820312
4938,-7.948132038116455
5574,2.49697208404541
3243,0.9657206535339355
4490,-4.390475273132324
3964,-0.826728343963623
1214,-2.7180728912353516
3708,-8.92588996887207
52,-9.447763442993164
1131,-8.455928802490234
5412,-8.175066947937012
988,-7.5925679206848145
4300,-10.01918888092041
5134,-7.575599193572998
3531,-9.793458938598633
3675,-8.250361442565918
4937,-10.028118133544922
2712,-0.44093820452690125
3006,-8.901910781860352
5050,-3.8701539039611816
2379,-8.360177993774414
2162,-7.202170372009277
3044,-7.892140865325928
2030,-2.736595869064331
5112,-10.370378494262695
3061,-9.07963752746582
3900,-7.448861122131348
917,-9.492934226989746
5317,-8.995298385620117
4225,-9.335800170898438
641,-7.554710388183594
2043,-10.600276947021484
1580,-8.199040412902832
3168,-6.318092346191406
5636,-2.3175697326660156
4306,-4.5997490882873535
94,-7.40404748916626
4633,-4.221938610076904
4749,-8.150155067443848
634,-4.473409652709961
1803,-11.302938461303711
3634,-3.6757891178131104
4073,-6.341119766235352
857,-2.117671012878418
3154,-5.378973960876465
4468,-8.999687194824219
4489,-0.5168722867965698
1137,-7.985908031463623
3158,-8.80451774597168
87,-6.60914421081543
3768,-7.903688907623291
3057,-8.339851379394531
2646,-6.694344520568848
2034,-6.917876243591309
1392,-6.968276023864746
2901,-8.609671592712402
113,-10.976105690002441
4664,-6.965446472167969
853,-8.166245460510254
665,-9.471430778503418
2198,-7.437444686889648
2562,-12.394643783569336
2012,-8.09172248840332
2604,-6.317477226257324
1420,-9.660943984985352
3612,-4.026775360107422
3826,-9.295669555664062
5812,-4.137521266937256
1238,-9.084800720214844
308,0.26544687151908875
2246,-10.792369842529297
754,-7.523342609405518
992,-8.315068244934082
3197,-7.919088840484619
5800,4.7015252113342285
2359,-8.312932968139648
4907,-3.2906153202056885
2810,-8.914046287536621
5506,0.8777437210083008
890,-0.21917058527469635
4202,-7.213035583496094
4317,-5.519459247589111
106,-7.706272602081299
2086,-6.30845832824707
136,-6.557382106781006
1902,-4.234274864196777
3643,-9.907696723937988
3930,-7.68972110748291
2355,-3.320936441421509
5571,-3.7660932540893555
2750,-4.995931625366211
5244,-8.041156768798828
1646,-5.4059014320373535
877,-6.125008583068848
3207,-9.38191032409668
3998,-9.267620086669922
5561,-1.197021245956421
2738,-8.188725471496582
5284,-9.601325035095215
3261,-10.538415908813477
1181,-4.756754398345947
1773,-7.080831527709961
1908,-2.274138927459717
5223,-6.975043773651123
1674,-5.767872333526611
2725,-9.874387741088867
683,-5.780359268188477
5060,-8.705450057983398
2489,-8.531838417053223
3370,-7.371095180511475
4262,-7.600780963897705
5694,-6.393247127532959
3952,-8.929694175720215
4851,-10.308127403259277
2748,-9.038043975830078
3177,-0.8756853938102722
24,-8.291463851928711
2846,-8.495323181152344
59,-4.534014701843262
3647,-5.780478000640869
902,-4.811985969543457
2896,-4.7286810874938965
2060,-8.876429557800293
163,-6.977570056915283
3402,-8.36893367767334
562,-5.130651950836182
1494,-4.939908504486084
636,-6.509700775146484
3329,-5.9238691329956055
3572,-5.6303253173828125
5257,-7.438482284545898
4063,-7.273530960083008
5831,0.9405890703201294
4990,-7.122688293457031
3839,-6.509269714355469
1236,-8.770214080810547
649,-6.785257816314697
1517,-5.257689476013184
1886,-6.763551712036133
468,-10.746574401855469
4864,-6.280361175537109
971,-4.292271614074707
5576,1.5399843454360962
1304,-8.850226402282715
4797,-4.61842679977417
3013,-4.970705986022949
631,-7.441784858703613
609,-9.776537895202637
2035,-4.236965179443359
2477,-8.380874633789062
2357,-8.665459632873535
364,-6.7302703857421875
651,-1.214317798614502
5105,-4.091325283050537
1346,-7.569029331207275
922,-6.587068557739258
3232,-10.324081420898438
445,-11.210297584533691
2217,-1.9167568683624268
2634,-5.416041851043701
5491,-3.846203327178955
2530,-9.19866943359375
3066,-6.510690689086914
914,-8.779813766479492
3563,-12.783297538757324
1244,-8.177522659301758
3981,-9.668737411499023
5219,-8.250913619995117
5017,-6.584532260894775
3467,-7.08038854598999
742,-6.405660152435303
2735,-8.843887329101562
2464,-5.464446544647217
88,-6.457582950592041
3741,-4.537445545196533
2532,-9.773460388183594
4678,-9.172083854675293
2106,-9.534497261047363
4751,-5.372026443481445
325,-10.320241928100586
624,-10.033463478088379
721,-6.479869842529297
5231,-7.240505218505859
327,-1.2532285451889038
4755,-8.574790954589844
4140,-10.047545433044434
3684,-9.632359504699707
5337,-5.106139659881592
4212,-7.778792381286621
3613,-3.3912761211395264
727,-9.552959442138672
2472,-8.384771347045898
664,-8.873245239257812
2099,-6.296692371368408
3655,-4.610041618347168
731,-7.304619789123535
2257,-4.316195011138916
5137,-6.03452730178833
2071,-11.969344139099121
1405,-5.441445350646973
5620,5.624232769012451
3997,-8.626296043395996
4763,-6.901931285858154
2032,-4.988400459289551
3441,-5.282536506652832
3854,-7.371599197387695
3478,-9.639505386352539
444,-8.077930450439453
4323,-8.051304817199707
2350,-9.510924339294434
1722,-8.729154586791992
4423,-8.146819114685059
2132,-7.4700846672058105
1376,-7.714611053466797
5705,10.565454483032227
5285,-9.216367721557617
838,-7.314728260040283
2484,-9.354787826538086
3099,-8.24356746673584
5583,-8.136534690856934
4117,-9.776365280151367
3878,-5.211023807525635
3620,-6.36149263381958
5398,-5.26129674911499
3260,-11.085928916931152
3717,-7.199496269226074
4848,-8.395389556884766
3628,-10.989718437194824
2633,-5.574807643890381
67,-3.4979147911071777
3754,-11.179311752319336
687,-9.3195219039917
5444,-3.5062761306762695
2235,-8.126775741577148
4057,-7.555542945861816
3818,-8.88693904876709
1630,-5.725031852722168
2424,-9.534282684326172
4456,-7.970440864562988
5161,-5.605008125305176
5266,-8.564353942871094
5236,-5.623696804046631
4595,-8.534693717956543
2985,1.3177783489227295
3747,-8.115315437316895
832,-6.055261611938477
4372,-8.134989738464355
3280,-4.544315814971924
1103,-4.329216957092285
3115,-6.267578601837158
1067,-6.139028549194336
3847,-6.480685234069824
764,-6.814880847930908
1156,-8.003422737121582
5047,-6.659188747406006
4881,-6.780459403991699
205,-7.2452392578125
5402,-8.138898849487305
1712,-4.603095531463623
5218,-9.2472562789917
774,-10.793981552124023
3803,-6.984513282775879
696,-9.820694923400879
422,-6.682779788970947
4949,-7.096672058105469
2104,-2.7964556217193604
3782,-8.88214111328125
4125,-6.828719615936279
1246,-8.10094928741455
2615,-9.675247192382812
247,-8.602060317993164
2893,-7.280795097351074
3752,-8.04443073272705
1056,-9.180771827697754
4812,-7.001135349273682
4737,-4.984399318695068
2606,-3.8566927909851074
1669,-3.532477378845215
1882,-4.550932884216309
3853,-12.326858520507812
2825,-10.630022048950195
2924,-8.466008186340332
381,-9.987266540527344
1029,-8.059672355651855
2112,-6.89159631729126
3045,-7.0656819343566895
492,-6.365097999572754
1834,-8.86082935333252
4590,-8.021921157836914
1503,-7.969641208648682
1842,-8.173871994018555
3522,-6.127448081970215
393,-7.086364269256592
1442,-6.193653106689453
1402,-7.24726676940918
429,-8.567078590393066
1476,-8.539151191711426
1664,-7.303646087646484
345,-10.833562850952148
4038,-9.37791919708252
2182,-7.795557022094727
830,-7.918803691864014
192,-6.142829895019531
4842,-5.680142879486084
4574,-10.317440032958984
5129,-7.043283939361572
1710,-5.781729221343994
5777,-1.5242133140563965
4454,-9.495569229125977
1062,-9.786846160888672
1444,-8.785590171813965
906,-9.177398681640625
2422,-9.13424301147461
2643,-1.7165608406066895
5581,4.643479824066162
4819,-10.41327953338623
1563,-11.271005630493164
3499,-0.9917089343070984
2602,-0.8131554126739502
3767,-0.7293848395347595
1705,-8.921269416809082
912,-3.6453487873077393
2002,-4.20765495300293
3190,-6.84971809387207
3476,-3.256626844406128
5757,3.6989638805389404
4285,-9.011384963989258
427,-7.876306533813477
5214,-9.957669258117676
5018,-0.731665313243866
3840,-10.026963233947754
4362,-9.678731918334961
4148,-9.344805717468262
125,-5.459383964538574
3426,-6.570424556732178
1275,-6.157872676849365
2596,-5.017155647277832
2612,-8.331913948059082
240,-8.521042823791504
3832,-8.820062637329102
1566,-7.249147891998291
3940,-4.262068271636963
799,-9.240676879882812
5093,-8.45694637298584
1193,-6.505929470062256
4641,-9.588545799255371
3660,-6.630306243896484
1451,-3.9997761249542236
3627,-3.848013401031494
5376,-9.90467643737793
5268,-5.084851264953613
3898,-4.778261184692383
2929,-7.615988731384277
254,-8.88628101348877
596,-4.7410807609558105
3302,-1.8971953392028809
675,0.3418169915676117
4412,-7.924805164337158
1622,-9.230569839477539
1781,-10.021347999572754
1792,-8.710835456848145
2781,-10.267277717590332
3342,-6.921970844268799
870,-8.028475761413574
2254,-7.62564754486084
5763,8.430764198303223
533,-11.418303489685059
3866,-7.643922328948975
3855,-6.014947414398193
1864,-6.835573673248291
81,-8.866744995117188
5643,5.0391764640808105
4439,-6.424280166625977
2410,-5.965152740478516
134,-0.5517412424087524
5040,-6.484619617462158
191,-6.406574249267578
1626,-1.6250132322311401
5110,-9.86752700805664
269,-10.719072341918945
47,-9.692548751831055
546,-2.0258779525756836
3228,-8.910223007202148
4431,-8.300243377685547
5738,-5.007053375244141
4196,-6.164661884307861
1894,-3.7743122577667236
5366,-7.545062065124512
4356,-11.125616073608398
3594,-4.331762790679932
2887,-4.705543518066406
965,-7.9883198738098145
1231,-7.707624912261963
3790,-2.9004430770874023
4091,-7.988053798675537
3625,-6.884056568145752
1809,-6.769855499267578
1333,-5.52139949798584
1953,-4.440107822418213
1974,-4.993412017822266
5210,-5.937532424926758
5229,-7.469461441040039
352,-9.567480087280273
602,-8.103790283203125
5097,-8.410529136657715
5094,-3.7494847774505615
4207,-4.9095635414123535
3516,1.2770382165908813
854,-10.868638038635254
2181,-9.730825424194336
3281,-9.066265106201172
302,-7.358334064483643
668,-8.702654838562012
2788,-3.6645309925079346
4518,-4.673367023468018
645,-9.913066864013672
488,-7.340834140777588
1782,-6.981588840484619
1940,-7.207520484924316
4444,-6.9346723556518555
1829,-6.8959455490112305
10,-6.528850078582764
5724,5.584590435028076
4027,-9.157591819763184
3405,-8.243680953979492
4056,-9.59547233581543
351,-10.24925422668457
1603,-7.94614839553833
928,-7.3798394203186035
5544,3.568453311920166
4042,-7.459080219268799
3980,-6.485562801361084
2670,-0.06996989995241165
5372,-5.670125961303711
3868,-8.757339477539062
2062,-6.63466739654541
2102,-7.868570327758789
5452,-4.51364278793335
1912,-4.337031841278076
5168,-9.863872528076172
56,-4.043560981750488
1401,-10.091644287109375
3922,-7.292323112487793
4855,-7.592822551727295
4223,-7.929111957550049
2224,-4.717391014099121
1535,-6.163436412811279
514,-4.115636825561523
4963,-9.658670425415039
3300,-3.220907688140869
2898,-9.761019706726074
2639,-6.048259258270264
4836,-7.180726051330566
4386,-6.646976947784424
1777,-6.294681072235107
669,-8.17136001586914
5457,-0.3262726664543152
5776,5.010221481323242
129,-8.237224578857422
2935,-8.744436264038086
346,-8.507421493530273
3860,-9.058765411376953
4656,-7.687099456787109
3218,-8.226317405700684
5627,-3.8946032524108887
1744,-10.505707740783691
1990,-9.761334419250488
1472,-10.390942573547363
5394,-9.45654010772705
3693,-6.404270172119141
211,-9.15871524810791
2394,-8.72940731048584
3870,-9.415031433105469
1033,-6.72320032119751
1085,-9.698176383972168
3735,-6.82106876373291
2503,-8.713508605957031
158,-6.691920757293701
1873,-0.878275454044342
581,-9.174089431762695
3140,-10.622583389282227
4892,-3.9228358268737793
1971,-8.274112701416016
1421,-9.645658493041992
1844,-6.981972694396973
3107,-9.13919448852539
4968,-7.492321491241455
13,-9.451966285705566
1489,-8.042937278747559
384,-8.870379447937012
3301,-7.306901931762695
3560,-11.356321334838867
959,-5.638459205627441
4361,-4.738061904907227
4035,-1.624139666557312
5336,-6.659780502319336
2744,-7.11309814453125
2173,-8.523457527160645
4418,-8.027125358581543
3287,-8.14778995513916
1075,-5.908030986785889
2259,-11.860002517700195
1993,-1.3877438306808472
1233,-8.589370727539062
123,-5.80056619644165
2823,-5.258914470672607
4675,-2.9967527389526367
1140,-7.519755840301514
5670,1.0633269548416138
2127,-9.798066139221191
1318,-9.583292007446289
1302,-7.535353660583496
3234,-4.737490653991699
3881,-4.995713233947754
1654,-8.345458984375
656,-4.770895004272461
5388,-9.518013000488281
1307,-10.027898788452148
1475,-6.616983413696289
4335,-7.277672290802002
1698,-6.056262493133545
2094,-7.042069435119629
1279,-9.291497230529785
457,-3.9259800910949707
3850,-7.6648101806640625
2170,1.0691213607788086
2699,-7.545626163482666
3206,-7.396317481994629
144,-10.532729148864746
652,-6.948736667633057
236,-7.7813310623168945
957,-8.809856414794922
2233,-8.24329662322998
5436,-6.343272686004639
575,-7.524460315704346
2203,-6.605258941650391
4652,-5.2836761474609375
3631,-8.603439331054688
2962,-8.111505508422852
5334,-7.883102893829346
1007,-1.4938111305236816
5095,-6.085642337799072
790,-10.480796813964844
1867,-7.579886436462402
3041,-0.9693648815155029
499,-6.326058387756348
5421,-10.304286003112793
1976,-2.871248245239258
3787,-8.706239700317383
1910,-9.745570182800293
5092,-7.459214210510254
3308,4.046486854553223
1115,-5.788734436035156
1217,-4.705246448516846
2107,-9.516212463378906
76,-10.235641479492188
5589,6.179256916046143
4087,-10.313438415527344
291,-9.262874603271484
4614,-9.604633331298828
4244,-6.121269702911377
2837,-6.156871795654297
5637,3.203152894973755
4129,-6.127826690673828
189,-5.8529486656188965
215,-3.3212642669677734
647,-8.089232444763184
4118,-10.14298152923584
5750,4.319227695465088
2872,-8.5860013961792
1012,-7.029917240142822
3718,-6.025313854217529
706,-5.568519115447998
2843,-10.062663078308105
4709,-6.454738616943359
3924,-7.200531005859375
5822,4.218739986419678
1588,-7.848209381103516
4119,-8.594010353088379
2971,-7.244110107421875
4676,-9.003761291503906
4540,-7.982990741729736
2167,-5.087619781494141
713,-5.574682712554932
5784,1.5228888988494873
5350,-5.9679036140441895
5716,2.2196762561798096
2129,-9.679617881774902
1357,-8.177449226379395
310,-7.7986249923706055
2573,-6.9545440673828125
2793,-9.458758354187012
126,3.5385754108428955
1089,-7.281203746795654
3862,-10.042200088500977
1315,-7.934515953063965
20,-6.059244155883789
1676,-3.299267053604126
4974,-7.697303771972656
5801,-5.00792121887207
2547,-4.817019462585449
1763,-7.054987907409668
4996,-5.144541263580322
2400,-6.353302478790283
4573,-5.248816967010498
5118,-6.661775588989258
2824,-7.1200852394104
3295,-9.0144681930542
51,-6.313930511474609
3078,-6.615744590759277
2190,-8.883030891418457
1393,-2.600586175918579
2088,-5.100095748901367
1578,-12.366989135742188
115,-5.134751796722412
4405,-8.004424095153809
2046,-7.918381214141846
316,-8.632153511047363
3917,-7.958316802978516
1662,-9.141454696655273
4260,-7.185227870941162
387,-9.558945655822754
430,-10.743069648742676
5795,2.161972761154175
4031,-3.1978278160095215
1754,-8.658004760742188
238,-8.746553421020508
1746,-7.642227649688721
3726,-6.677420139312744
2150,-3.6253998279571533
3210,-6.825255393981934
1398,-3.028534173965454
1146,-10.742837905883789
4758,-7.670998573303223
2978,-7.309119701385498
2805,-8.713943481445312
1447,-6.359203338623047
4228,-9.381269454956055
2698,-8.998523712158203
1684,0.5260957479476929
3817,-5.839720726013184
4978,-10.58570384979248
4667,-7.118476867675781
1633,-8.555784225463867
3495,-9.091937065124512
2685,-4.758088111877441
570,-9.297584533691406
528,-7.582761287689209
3304,-6.253127098083496
5807,3.4085121154785156
1644,-6.300603866577148
274,-3.081845998764038
4895,-7.498122215270996
5331,-7.762338638305664
4635,-9.890564918518066
3110,-12.447028160095215
179,-8.792824745178223
2518,-7.882900238037109
644,-8.462313652038574
4903,0.3435348868370056
5086,-3.0725576877593994
46,-8.846651077270508
1839,-10.537489891052246
749,-8.436336517333984
1079,-2.908146381378174
5827,-2.0026092529296875
3965,-5.968355178833008
3733,-8.059942245483398
465,-7.670908451080322
1101,-7.5682692527771
880,-5.664242744445801
35,-8.420571327209473
5569,-0.4906144440174103
3966,-5.449275016784668
4151,-7.534611225128174
4980,-8.013970375061035
865,-4.740541934967041
2906,-5.729492664337158
5741,-3.608412504196167
3257,-6.622298240661621
4365,-7.521660804748535
736,-7.757490634918213
5160,-7.293397903442383
2003,-9.167706489562988
3196,-6.906136989593506
765,-9.078160285949707
4180,-8.476521492004395
4247,-10.556859016418457
5080,-5.94828462600708
5082,-8.55474853515625
3368,-4.2647881507873535
4705,-8.981879234313965
3067,-6.363080978393555
5485,-1.9341533184051514
438,-5.503948211669922
3505,-6.046657085418701
972,-4.553046703338623
667,-7.800027847290039
5680,-0.5697512626647949
1875,-6.363466739654541
968,-5.515047073364258
796,-8.244691848754883
4329,-8.693546295166016
2622,-7.611506938934326
252,-6.598111152648926
3685,-6.535721302032471
692,-3.5747673511505127
1470,-6.03870964050293
4813,-6.326199531555176
3668,-7.231646537780762
1132,-7.05388069152832
4581,-9.771598815917969
5362,-7.323112964630127
1095,-5.109378814697266
876,-1.7277284860610962
5329,-4.794886589050293
3425,-11.211409568786621
5538,4.499175071716309
78,-10.31824779510498
58,-0.009916567243635654
525,-5.990740776062012
779,-6.448474407196045
2952,-9.57030200958252
311,-7.359180927276611
4987,-3.4790828227996826
2899,-8.823198318481445
5655,10.345635414123535
198,-10.779949188232422
4932,-5.467721462249756
2409,-1.3588377237319946
1757,-9.611732482910156
3715,-3.7104439735412598
1849,-9.805212020874023
4203,-4.289391040802002
1797,-7.729090213775635
2251,-10.465946197509766
2566,-8.83657455444336
3737,-11.40933609008789
71,-8.55598258972168
807,-7.483429431915283
1001,-3.3650929927825928
4561,-11.008273124694824
3596,-9.530905723571777
2072,-9.246381759643555
5273,-8.862297058105469
2338,-9.015962600708008
3658,-0.6286789178848267
3054,-2.542433261871338
4255,-8.111327171325684
3434,-5.558141231536865
4897,-8.26897144317627
3622,-7.240091323852539
2391,-7.989802360534668
4778,-9.697632789611816
202,-6.362930774688721
661,-1.4829457998275757
2240,-9.474404335021973
3484,-7.507848262786865
5618,0.22367128729820251
4922,-9.298632621765137
1715,-4.671392917633057
3286,-6.738823890686035
2029,-8.358766555786133
3153,-9.73637580871582
4502,-9.017552375793457
4554,-3.7335267066955566
686,-9.113995552062988
1827,-8.479853630065918
180,-9.334395408630371
2010,-8.021638870239258
4013,-8.191263198852539
2302,-7.9596662521362305
3704,-9.981827735900879
714,-6.645974159240723
188,-8.060464859008789
1913,-10.558335304260254
5408,-4.295343399047852
1190,-7.352437496185303
5669,4.2986226081848145
1354,-7.693550109863281
5445,-0.5523545742034912
3097,-4.221274375915527
5761,8.078767776489258
5482,1.0908873081207275
2861,-1.2084475755691528
2051,-11.441505432128906
348,-10.5635404586792
392,-8.058014869689941
5065,-5.556629180908203
2208,-10.052972793579102
172,-10.347204208374023
4559,-6.399497032165527
3062,-0.9255217909812927
976,-7.7870965003967285
1387,-9.974432945251465
5708,-5.57753324508667
2883,-8.410295486450195
1328,-7.202373027801514
5184,-8.714530944824219
2797,-0.5076931715011597
5159,-7.78817892074585
2483,-8.065350532531738
4911,-8.839805603027344
4070,-3.8480398654937744
5020,-6.899566173553467
2623,-5.573432922363281
1174,-10.361445426940918
4583,-2.605619430541992
2159,0.20559900999069214
4818,-4.41878080368042
2055,-6.704221248626709
5558,5.819015979766846
1607,-7.174756050109863
3635,-6.532019138336182
4064,-7.943145275115967
4882,-2.0910611152648926
3240,-12.371706008911133
5726,1.646043300628662
5015,-5.965539932250977
599,-8.991990089416504
4979,-10.571686744689941
5632,-0.15677393972873688
1930,-7.989724159240723
1866,-6.647851943969727
5088,-7.364067077636719
1086,-9.063714027404785
2334,-6.446102142333984
3503,-4.780996799468994
2983,-7.049716472625732
1807,-9.32861042022705
907,-10.383956909179688
3599,-10.088276863098145
5463,-1.9692859649658203
155,-8.958460807800293
2546,-9.54167366027832
5256,-6.161229610443115
2428,-5.854577541351318
879,-6.5883355140686035
2974,-9.442649841308594
4181,-9.407392501831055
3554,-3.6346356868743896
1164,-8.654617309570312
3366,-7.352289199829102
4636,-8.265887260437012
3838,-8.782876014709473
1704,-8.49455451965332
1435,-7.215185642242432
3259,-0.36983436346054077
5292,-6.085089683532715
1207,-6.230512619018555
4287,-5.707183361053467
2841,-6.943550109863281
516,-3.8178763389587402
2912,-6.0606770515441895
105,-9.391307830810547
4311,-3.424586057662964
230,-5.570797443389893
4900,-4.920657634735107
4750,-6.550768852233887
3659,-8.486259460449219
5113,-6.897955417633057
3251,-5.935294151306152
5788,0.3968396782875061
4839,-7.710554599761963
3048,-5.923893451690674
4002,-10.55581283569336
1187,-7.8045573234558105
1832,-10.213016510009766
5131,-6.263844013214111
2176,-2.2176477909088135
5321,-8.035100936889648
2715,-0.6518792510032654
2840,-8.25837230682373
1216,-7.856781005859375
1170,-9.822620391845703
3487,-11.759980201721191
1900,-9.955612182617188
2435,-4.340418338775635
2863,-8.118868827819824
3988,-7.378296852111816
4449,-6.756455421447754
5215,-6.418309211730957
3040,-7.025481224060059
63,-7.032415390014648
2969,-9.14096736907959
1808,-7.42690372467041
1409,-9.995627403259277
5624,-0.29614293575286865
5654,-4.062749862670898
1006,-10.301334381103516
2628,-8.045560836791992
37,-4.988588809967041
2856,-8.857339859008789
4162,-4.938276767730713
2839,-1.9246902465820312
866,-4.995328426361084
815,-4.880557537078857
5046,-7.5690016746521
5392,-8.302955627441406
1482,-9.976532936096191
1718,-7.3001508712768555
2927,-9.651875495910645
2366,-8.098062515258789
3759,-9.892327308654785
2979,-8.678131103515625
2869,-8.669739723205566
3252,-6.985454559326172
1223,-8.777477264404297
1259,-4.913041114807129
5564,0.7929041385650635
2163,-8.635702133178711
4744,-10.669768333435059
729,-6.4434309005737305
5681,-3.227861166000366
1918,-7.552055835723877
627,-0.28946277499198914
4102,-9.255378723144531
130,-7.6252641677856445
717,-5.525575637817383
5449,0.4441862106323242
697,-5.176191329956055
45,-7.528765678405762
2784,-9.470244407653809
414,-7.2718400955200195
2056,-6.446957111358643
1625,-12.759147644042969
2274,-7.332923412322998
2895,-10.614830017089844
2867,-8.868683815002441
320,-7.479662895202637
5104,-5.839138984680176
2998,-8.070484161376953
4915,-9.395731925964355
2544,-9.144082069396973
2253,-5.295918941497803
2493,-5.859814167022705
90,-9.330697059631348
5339,-9.196390151977539
5841,2.3672726154327393
3937,-10.101019859313965
5293,-6.4488654136657715
4570,-7.486886024475098
1097,-4.729944229125977
5330,-4.824267387390137
1680,-10.943467140197754
3377,-10.358646392822266
2266,-7.320186138153076
3201,-6.444484710693359
2798,-8.90379810333252
3905,-8.645124435424805
1511,-8.510085105895996
2455,-6.13628625869751
5031,0.04896921664476395
3793,-8.934189796447754
1177,-9.683990478515625
3709,4.249359607696533
4722,-5.127109527587891
1850,-9.410738945007324
2196,-6.922749042510986
4266,-8.681659698486328
5844,6.510828018188477
2982,-8.07301139831543
3825,-7.885364532470703
5537,-5.417588233947754
4242,-1.695642113685608
5693,-0.21800893545150757
5520,-0.3679403066635132
2997,-8.041694641113281
412,-9.109920501708984
2468,-10.152667999267578
3913,-8.890556335449219
2913,-5.984053611755371
5601,4.634868621826172
2992,-7.632894992828369
2756,4.395653247833252
4415,-7.624235153198242
5076,-6.027228355407715
655,-9.304801940917969
5737,-3.796417236328125
2273,-3.9239189624786377
3410,-4.2472004890441895
55,-3.1229498386383057
3990,-4.751400470733643
5242,-10.201650619506836
5369,-10.352910995483398
3324,-8.563273429870605
578,-10.081286430358887
3496,-6.083660125732422
5660,1.7960654497146606
5677,1.1440367698669434
2961,-4.251537799835205
4606,-3.5064804553985596
797,-10.425044059753418
977,-7.632399082183838
3271,-4.750577926635742
428,-3.6945831775665283
2910,-4.982516765594482
4775,-9.425104141235352
4036,-9.549417495727539
3822,-4.109671115875244
4348,-7.907312393188477
4232,-5.8495588302612305
1023,-9.554239273071289
1780,-6.83771276473999
1024,-0.18526728451251984
1740,-10.810007095336914
512,-7.048523426055908
4346,-6.320102691650391
5288,-8.081353187561035
2237,-8.009824752807617
4714,-8.649860382080078
382,-10.895198822021484
4246,-7.002706050872803
856,-6.049050807952881
2139,-4.586554527282715
3469,-5.059913635253906
5188,-8.621784210205078
650,-7.32907772064209
2885,-8.396586418151855
3837,-9.60270881652832
5382,-3.638495445251465
4369,-7.599566459655762
831,-4.121866703033447
3444,-9.557300567626953
2317,-9.906943321228027
31,-10.419057846069336
715,-9.050963401794434
4187,-11.17292308807373
4861,-8.512751579284668
4312,-7.508658409118652
5604,-1.9244381189346313
5071,-7.769929885864258
2505,-5.186884880065918
5653,4.804545879364014
536,-7.584791660308838
4357,-9.207728385925293
5053,-0.9460839033126831
5455,-1.0688039064407349
4941,-8.42819881439209
4731,-6.626407623291016
496,-5.197614669799805
4485,-3.8210957050323486
4479,-8.947078704833984
2965,-9.928287506103516
2999,-3.463451385498047
1568,-4.660212993621826
2307,-8.102267265319824
1215,-6.889678478240967
4846,-6.088647842407227
3609,-9.498271942138672
3994,-8.215951919555664
5004,-3.8109467029571533
1937,-7.503589630126953
2318,-4.145631790161133
2535,-6.388064384460449
5559,-2.2350502014160156
4427,-8.390174865722656
1324,-1.7131036520004272
4478,-7.797015190124512
1325,-10.780376434326172
598,-9.657210350036621
1534,-3.4167118072509766
3036,-7.2732133865356445
4992,-8.290897369384766
1342,-5.19773530960083
1002,-9.678597450256348
2740,-7.324260711669922
5175,-6.87203311920166
2362,-8.417460441589355
339,-8.252867698669434
4688,-6.115950584411621
1321,-7.670364856719971
2557,-4.08049201965332
1469,-5.442963600158691
5032,-10.179811477661133
4888,-2.2620701789855957
2697,-7.273755073547363
2402,-10.68848991394043
4047,-8.967269897460938
5430,-8.74799633026123
5501,5.223309516906738
750,-4.694737434387207
5846,7.801177501678467
2457,-1.0980026721954346
2580,-2.748002767562866
4208,-11.680861473083496
3392,-1.2558478116989136
1042,-6.89149808883667
4371,-6.395823955535889
3204,-8.199356079101562
5357,-9.743130683898926
3774,-5.813722133636475
3534,-4.134884834289551
501,-8.85148811340332
177,-4.248985290527344
632,-11.615256309509277
4926,-7.108829498291016
2499,-8.821798324584961
1660,-7.967333793640137
3442,-4.951770305633545
2239,-6.234599590301514
2605,-3.2458713054656982
1463,-8.295058250427246
4062,-3.3424768447875977
3545,-7.697481155395508
524,-7.532944202423096
5367,-7.234193801879883
4764,-10.470553398132324
1994,-5.972538471221924
2649,-7.637216567993164
1753,-6.337884426116943
4004,-7.665100574493408
5508,-2.111570119857788
355,-8.238619804382324
989,-6.6545562744140625
3264,-6.366401672363281
5719,7.798027038574219
1874,-8.848356246948242
1768,-6.937150001525879
1471,-8.203184127807617
871,-4.867364406585693
4455,-8.65124797821045
1038,-4.224249839782715
3298,-1.6669528484344482
3480,-8.326427459716797
3920,-8.897151947021484
5148,-8.203304290771484
1264,-7.252885341644287
5573,-2.3622190952301025
3087,-5.7733612060546875
1263,-7.5480780601501465
4007,-8.2001953125
2204,-6.871977806091309
5652,5.850856304168701
2320,-6.51014518737793
1996,-4.772488594055176
3654,-10.396117210388184
5012,-7.734568119049072
1388,-9.62572193145752
4637,-6.812967777252197
4708,-8.397961616516113
3834,-3.5513367652893066
5442,-2.079636573791504
527,-6.576591491699219
1430,-4.695920467376709
2811,-9.029311180114746
5340,-9.278993606567383
2222,-8.339566230773926
2305,-5.341963291168213
3058,-7.665489196777344
3288,-7.774528980255127
4142,-9.673333168029785
1670,-5.622791290283203
2989,-8.447745323181152
3683,-5.9526047706604
3615,-9.476883888244629
2875,-5.050880432128906
4962,-6.990138053894043
4258,-8.735088348388672
506,-10.430159568786621
1016,-7.930190086364746
3424,-11.028072357177734
2654,-8.318002700805664
4110,-9.015357971191406
4271,-7.315853595733643
1083,-8.299430847167969
707,-10.201333045959473
2395,-4.46287202835083
1118,-5.910684585571289
3583,-4.938692092895508
176,-5.546760559082031
3299,-4.512544631958008
460,-8.050889015197754
3412,-7.268378257751465
4786,-7.805727005004883
1506,-10.258466720581055
1637,-7.615500450134277
2044,-8.36430835723877
732,-10.006552696228027
2868,-4.215636730194092
5117,-8.550504684448242
5762,-1.8546576499938965
4602,-6.886900424957275
1248,-7.289429187774658
3642,-9.082982063293457
405,-5.161367416381836
3472,-7.0757293701171875
2775,-6.4313836097717285
318,-5.928983211517334
5154,-9.608926773071289
5794,-7.065311908721924
3047,-8.081779479980469
5779,-0.06253303587436676
2171,-9.270808219909668
3904,-4.413341522216797
1000,-7.4429931640625
5562,9.130953788757324
3117,-7.9625020027160645
1314,-6.181645393371582
2707,-8.022571563720703
4874,-8.784122467041016
4961,-6.688088893890381
4134,-9.76616382598877
3858,-8.373711585998535
1679,-5.260308265686035
3152,-2.0675301551818848
3100,-5.139227390289307
863,-9.76276969909668
5834,5.110593318939209
1021,-9.21840763092041
99,-9.355939865112305
3215,-4.225991725921631
564,-7.121033668518066
5058,-5.35471248626709
5813,-4.990067958831787
1958,-5.719693660736084
5044,-7.734181880950928
3533,-8.163578033447266
4088,-7.61088752746582
2074,-6.0007429122924805
255,-10.365962982177734
1821,-6.517839431762695
3806,-6.5500078201293945
1907,-10.57253646850586
263,-7.817000389099121
1458,-10.918121337890625
530,-7.810896396636963
121,-9.68416976928711
2067,-7.738677978515625
2228,-9.612671852111816
601,-6.379420280456543
5849,4.788117408752441
926,-10.582038879394531
3399,-10.543540954589844
954,-3.0332229137420654
3011,-7.74799919128418
4257,-10.5772123336792
1820,-6.6612043380737305
68,-7.3575358390808105
2277,-7.671754360198975
2158,-6.116765022277832
5675,-3.938615560531616
704,-8.948789596557617
5346,-10.822843551635742
4674,-9.440644264221191
473,-4.477021217346191
1189,-7.933279991149902
2792,-6.307187557220459
2013,-4.491321563720703
2151,-8.739469528198242
859,-6.160480499267578
2050,-9.054265022277832
5751,-1.0619176626205444
2684,-7.098320007324219
4475,-0.17380490899085999
1450,-4.329086780548096
1800,-8.952840805053711
7,-7.850734233856201
4856,0.8998022675514221
2832,-9.072026252746582
939,-6.0501813888549805
