VARIABLE,DESCRIPTION,IMPORTANCE,NON_BANKRUPT_MEDIAN,NON_BANKRUPT_MISSING_RATIO,BANKRUPT_MEDIAN,BANKRUPT_MISSING_RATIO,MEDIAN_DIFFERENCE
Attr39,Satış kârı / satışlar,0.08761803517733698,0.0433925,0.0,-0.055253,0.0,-0.0986455
Attr35,Satış kârı / toplam varlıklar,0.07195189225422774,0.065923,0.00022967386311437759,-0.0673395,0.0,-0.1332625
Attr26,Net kâr ve amortisman / toplam yükümlülükler,0.032464397901675,0.23737999999999998,0.0022967386311437757,-0.048752,0.009202453987730062,-0.286132
Attr27,Faaliyet kârı / finansman giderleri,0.029996405988744215,1.02115,0.050068902158934316,-1.1046,0.3006134969325153,-2.12575
Attr38,Devamlı sermaye / toplam varlıklar,0.02962068436551683,0.63215,0.00022967386311437759,0.347215,0.0,-0.284935
Attr25,(Özkaynak - sermaye) / toplam varlıklar,0.029002202324684086,0.442,0.00022967386311437759,0.06868199999999999,0.0,-0.37331800000000004
Attr16,Brüt kâr ve amortisman / toplam yükümlülükler,0.02385773075375047,0.263895,0.0022967386311437757,-0.046921,0.009202453987730062,-0.310816
Attr21,Cari yıl satışları / önceki yıl satışları,0.02232363377709267,1.12535,0.0009186954524575103,0.91121,0.21779141104294478,-0.2141400000000001
Attr34,Faaliyet giderleri / toplam yükümlülükler,0.022017588124596452,1.7572999999999999,0.0022967386311437757,1.6758,0.009202453987730062,-0.0814999999999999
Attr43,Alacak ve stok devir süresi,0.020890456782528738,106.50999999999999,0.0,107.265,0.0,0.7550000000000097
Attr41,Borçların faaliyet kârı ve amortismanla karşılanma yükü,0.01969251139348432,0.095651,0.01584749655489205,-0.0287805,0.0,-0.1244315
Attr62,Kısa vadeli yükümlülüklerin satışlara göre devir süresi,0.018200258742286347,71.91300000000001,0.0,127.23500000000001,0.0,55.322
Attr56,Brüt kâr marjı,0.018146897681268183,0.056695499999999996,0.0,-0.0176855,0.0,-0.074381
Attr22,Faaliyet kârı / toplam varlıklar,0.01596097731386752,0.065688,0.00022967386311437759,-0.0477885,0.0,-0.1134765
Attr6,Dağıtılmamış kârlar / toplam varlıklar,0.015871547990298537,0.0,0.00022967386311437759,-0.011871,0.0,-0.011871
Attr46,Asit-test oranı,0.015402331820251962,1.1195,0.002756086357372531,0.47245,0.009202453987730062,-0.6470499999999999
Attr9,Satışlar / toplam varlıklar,0.015358410645342428,1.1448,0.00022967386311437759,1.11145,0.0,-0.03334999999999999
Attr13,Brüt kâr ve amortisman / satışlar,0.014930225756105633,0.0721735,0.0,-0.0319455,0.0,-0.104119
Attr3,Çalışma sermayesi / toplam varlıklar,0.014872020886124269,0.23073,0.00022967386311437759,-0.0134545,0.0,-0.2441845
Attr51,Kısa vadeli yükümlülükler / toplam varlıklar,0.01459718199208583,0.31842,0.00022967386311437759,0.555025,0.0,0.236605
Attr23,Net kâr / satışlar,0.014521649864700057,0.033599000000000004,0.0,-0.050139,0.0,-0.083738
Attr17,Toplam varlıklar / toplam yükümlülükler,0.014506674196919199,2.27595,0.0022967386311437757,1.3703,0.009202453987730062,-0.9056499999999998
Attr42,Faaliyet kârı / satışlar,0.014341059888805591,0.043766,0.0,-0.036451,0.0,-0.080217
Attr20,Stokların satışlara göre devir süresi,0.013818443542190677,38.626000000000005,0.0,40.1785,0.0,1.5524999999999949
Attr55,Çalışma sermayesi,0.013746565924778294,2034.75,0.0,-36.870000000000005,0.0,-2071.62
Attr48,Kaynakta EBITDA olarak adlandırılan tutar / toplam varlıklar (tanım notu),0.013240361345429193,0.023336,0.00022967386311437759,-0.08143,0.0,-0.104766
Attr29,Toplam varlıkların logaritması,0.013146103114058985,4.1887,0.00022967386311437759,3.7398,0.0,-0.4489000000000001
Attr24,Son üç yıllık brüt kâr / toplam varlıklar,0.01308693059987213,0.177845,0.024345429490124023,-0.041571,0.0,-0.219416
Attr58,Toplam maliyetler / toplam satışlar,0.012808635567579038,0.945975,0.0,1.00815,0.0,0.06217500000000009
Attr30,Nakit sonrası yükümlülükler / satışlar,0.012605948099804198,0.21576,0.0,0.44123999999999997,0.0,0.22547999999999996
Attr8,Özkaynak defter değeri / toplam yükümlülükler,0.012481383698952839,1.2163,0.0022967386311437757,0.3483,0.009202453987730062,-0.8679999999999999
Attr5,Nakit temelli kısa vadeli finansman yeterliliği,0.012479372973409376,3.7708,0.0018373909049150207,-57.506,0.0,-61.2768
Attr61,Satışlar / alacaklar,0.012409435301021092,6.1371,0.0018373909049150207,7.464,0.009202453987730062,1.3269000000000002
Attr54,Devamlı sermaye / duran varlıklar,0.012330284985244236,1.4629,0.01814423518603583,0.82302,0.03987730061349693,-0.6398800000000001
Attr47,Stok devir süresi,0.012220623609009126,42.39,0.006890215893431328,36.1305,0.0,-6.259500000000003
Attr11,(Brüt kâr + olağandışı kalemler + finansal giderler) / toplam varlıklar,0.012089968358202119,0.077298,0.00022967386311437759,-0.051051,0.0,-0.128349
Attr37,Likit varlıklar / uzun vadeli yükümlülükler,0.011487044061789724,3.7229,0.422140560404226,2.78485,0.5153374233128835,-0.93805
Attr12,Brüt kâr / kısa vadeli yükümlülükler,0.01084183585563936,0.192865,0.002756086357372531,-0.13238,0.009202453987730062,-0.325245
Attr52,Kısa vadeli yükümlülüklerin maliyete göre devir süresi,0.010820667823736927,0.21553,0.006890215893431328,0.33701000000000003,0.0,0.12148000000000003
Attr36,Toplam satışlar / toplam varlıklar,0.010786838460772255,1.5575,0.00022967386311437759,1.6762000000000001,0.0,0.11870000000000003
Attr64,Satışlar / duran varlıklar,0.010647275109074457,4.1083,0.01814423518603583,4.202,0.03987730061349693,0.09370000000000012
Attr7,EBIT / toplam varlıklar,0.01062175314390862,0.063192,0.00022967386311437759,-0.07333200000000001,0.0,-0.136524
Attr14,Brüt kâr ve faiz / toplam varlıklar,0.010505080770966152,0.063209,0.00022967386311437759,-0.07333200000000001,0.0,-0.13654100000000002
Attr63,Satışlar / kısa vadeli yükümlülükler,0.010317770371022765,5.0619,0.002756086357372531,2.8351,0.009202453987730062,-2.2267999999999994
Attr19,Brüt kâr / satışlar,0.010224496547665267,0.040333,0.0,-0.051439,0.0,-0.09177199999999999
Attr1,Net kâr / toplam varlıklar,0.009983608088532513,0.052508,0.00022967386311437759,-0.06670400000000001,0.0,-0.11921200000000001
Attr49,Kaynakta EBITDA olarak adlandırılan tutar / satışlar (tanım notu),0.009845821700399755,0.015255,0.0,-0.055435,0.0,-0.07069
Attr4,Dönen varlıklar / kısa vadeli yükümlülükler,0.00983646842729508,1.7137,0.002756086357372531,0.96584,0.009202453987730062,-0.74786
Attr44,Alacakların satışlara göre devir süresi,0.009646798055824536,59.335,0.0,48.692,0.0,-10.643
Attr60,Satışlar / stoklar,0.009494508180480877,9.0463,0.04294901240238861,8.0306,0.08588957055214724,-1.0157000000000007
Attr40,(Dönen varlıklar - stoklar - alacaklar) / kısa vadeli yükümlülükler,0.00930052205997448,0.192185,0.002756086357372531,0.048877,0.009202453987730062,-0.143308
Attr53,Özkaynaklar / duran varlıklar,0.009254926366988455,1.3188,0.01814423518603583,0.58747,0.03987730061349693,-0.7313299999999999
Attr45,Net kâr / stoklar,0.009059635463486971,0.28733,0.04294901240238861,-0.34718499999999997,0.08588957055214724,-0.6345149999999999
Attr50,Dönen varlıklar / toplam yükümlülükler,0.009011520542805223,1.3243,0.0022967386311437757,0.80128,0.009202453987730062,-0.52302
Attr33,Faaliyet giderleri / kısa vadeli yükümlülükler,0.008937134873568595,4.600899999999999,0.002756086357372531,2.9547,0.009202453987730062,-1.6461999999999994
Attr10,Özkaynaklar / toplam varlıklar,0.008886201770629081,0.53821,0.00022967386311437759,0.2528,0.0,-0.28540999999999994
Attr15,Yükümlülüklerin kârla geri ödeme süresi,0.008722118556907996,916.105,0.00045934772622875517,-700.7,0.0,-1616.805
Attr28,Çalışma sermayesi / duran varlıklar,0.008532174376586233,0.56384,0.01814423518603583,-0.072227,0.03987730061349693,-0.636067
Attr57,(Dönen varlıklar - stoklar - kısa vadeli yükümlülükler) / (satışlar - brüt kâr - amortisman),0.00814644010383696,0.11569499999999999,0.00045934772622875517,0.0135265,0.0,-0.1021685
Attr59,Uzun vadeli yükümlülükler / özkaynaklar,0.007853892110118603,0.007688,0.00045934772622875517,0.0,0.0,-0.007688
Attr31,Brüt kâr ve faiz / satışlar,0.0076423561461008566,0.047925999999999996,0.0,-0.041704000000000005,0.0,-0.08963
Attr32,Kısa vadeli yükümlülüklerin devir süresi,0.0066874640756267945,78.625,0.008268259072117593,130.06,0.003067484662576687,51.435
Attr18,Brüt kâr / toplam varlıklar,0.005509292528517899,0.063209,0.00022967386311437759,-0.07333200000000001,0.0,-0.13654100000000002
Attr2,Toplam yükümlülükler / toplam varlıklar,0.004787521686499207,0.4381,0.00022967386311437759,0.7275,0.0,0.28940000000000005
